ethnicity line,season,listing type,title,primary keywords,description
African American,Spring,1,Healing seasonal coloring book for african american adults,healing coloring pages recovery wellness,"African American recovery coloring book, printable healing art pages, seasonal self-care illustrations"
African American,Spring,2,Spring renewal coloring pages for african american recovery,spring healing art journaling calm,Seasonal recovery coloring pages with reflective scenes and calming line art
African American,Spring,3,Recovery and mindfulness coloring workbook for african american adults,mindfulness coloring workbook therapeutic art,"Calming adult coloring pages designed for reflection, rest, and emotional recovery"
African American,Spring,4,African American self-care coloring pages for spring,self care art pages printable wellness,"A culturally inclusive coloring book centered on peace, growth, and renewal"
African American,Summer,1,Healing seasonal coloring book for african american adults,summer wellness coloring pages healing,"African American recovery coloring book, printable healing art pages, seasonal self-care illustrations"
African American,Summer,2,Summer renewal coloring pages for african american recovery,recovery art pages printable adult coloring,Seasonal recovery coloring pages with reflective scenes and calming line art
African American,Summer,3,Recovery and mindfulness coloring workbook for african american adults,seasonal healing workbook reflection,"Calming adult coloring pages designed for reflection, rest, and emotional recovery"
African American,Summer,4,African American self-care coloring pages for summer,mindfulness pages seasonal recovery,"A culturally inclusive coloring book centered on peace, growth, and renewal"
African American,Fall,1,Healing seasonal coloring book for african american adults,fall recovery coloring pages gratitude,"African American recovery coloring book, printable healing art pages, seasonal self-care illustrations"
African American,Fall,2,Fall renewal coloring pages for african american recovery,therapeutic coloring pages self care,Seasonal recovery coloring pages with reflective scenes and calming line art
African American,Fall,3,Recovery and mindfulness coloring workbook for african american adults,adult coloring workbook healing art,"Calming adult coloring pages designed for reflection, rest, and emotional recovery"
African American,Fall,4,African American self-care coloring pages for fall,mindfulness coloring pages autumn,"A culturally inclusive coloring book centered on peace, growth, and renewal"
African American,Winter,1,Healing seasonal coloring book for african american adults,winter self care coloring pages,"African American recovery coloring book, printable healing art pages, seasonal self-care illustrations"
African American,Winter,2,Winter renewal coloring pages for african american recovery,reflection coloring pages therapeutic,Seasonal recovery coloring pages with reflective scenes and calming line art
African American,Winter,3,Recovery and mindfulness coloring workbook for african american adults,calming adult coloring pages,"Calming adult coloring pages designed for reflection, rest, and emotional recovery"
African American,Winter,4,African American self-care coloring pages for winter,healing art pages printable,"A culturally inclusive coloring book centered on peace, growth, and renewal"
Hispanic,Spring,1,Healing seasonal coloring book for hispanic adults,healing coloring pages recovery wellness,"Hispanic recovery coloring book, printable healing art pages, seasonal self-care illustrations"
Hispanic,Spring,2,Spring renewal coloring pages for hispanic recovery,spring healing art journaling calm,Seasonal recovery coloring pages with reflective scenes and calming line art
Hispanic,Spring,3,Recovery and mindfulness coloring workbook for hispanic adults,mindfulness coloring workbook therapeutic art,"Calming adult coloring pages designed for reflection, rest, and emotional recovery"
Hispanic,Spring,4,Hispanic self-care coloring pages for spring,self care art pages printable wellness,"A culturally inclusive coloring book centered on peace, growth, and renewal"
Hispanic,Summer,1,Healing seasonal coloring book for hispanic adults,summer wellness coloring pages healing,"Hispanic recovery coloring book, printable healing art pages, seasonal self-care illustrations"
Hispanic,Summer,2,Summer renewal coloring pages for hispanic recovery,recovery art pages printable adult coloring,Seasonal recovery coloring pages with reflective scenes and calming line art
Hispanic,Summer,3,Recovery and mindfulness coloring workbook for hispanic adults,seasonal healing workbook reflection,"Calming adult coloring pages designed for reflection, rest, and emotional recovery"
Hispanic,Summer,4,Hispanic self-care coloring pages for summer,mindfulness pages seasonal recovery,"A culturally inclusive coloring book centered on peace, growth, and renewal"
Hispanic,Fall,1,Healing seasonal coloring book for hispanic adults,fall recovery coloring pages gratitude,"Hispanic recovery coloring book, printable healing art pages, seasonal self-care illustrations"
Hispanic,Fall,2,Fall renewal coloring pages for hispanic recovery,therapeutic coloring pages self care,Seasonal recovery coloring pages with reflective scenes and calming line art
Hispanic,Fall,3,Recovery and mindfulness coloring workbook for hispanic adults,adult coloring workbook healing art,"Calming adult coloring pages designed for reflection, rest, and emotional recovery"
Hispanic,Fall,4,Hispanic self-care coloring pages for fall,mindfulness coloring pages autumn,"A culturally inclusive coloring book centered on peace, growth, and renewal"
Hispanic,Winter,1,Healing seasonal coloring book for hispanic adults,winter self care coloring pages,"Hispanic recovery coloring book, printable healing art pages, seasonal self-care illustrations"
Hispanic,Winter,2,Winter renewal coloring pages for hispanic recovery,reflection coloring pages therapeutic,Seasonal recovery coloring pages with reflective scenes and calming line art
Hispanic,Winter,3,Recovery and mindfulness coloring workbook for hispanic adults,calming adult coloring pages,"Calming adult coloring pages designed for reflection, rest, and emotional recovery"
Hispanic,Winter,4,Hispanic self-care coloring pages for winter,healing art pages printable,"A culturally inclusive coloring book centered on peace, growth, and renewal"
Multiracial,Spring,1,Healing seasonal coloring book for multiracial adults,healing coloring pages recovery wellness,"Multiracial recovery coloring book, printable healing art pages, seasonal self-care illustrations"
Multiracial,Spring,2,Spring renewal coloring pages for multiracial recovery,spring healing art journaling calm,Seasonal recovery coloring pages with reflective scenes and calming line art
Multiracial,Spring,3,Recovery and mindfulness coloring workbook for multiracial adults,mindfulness coloring workbook therapeutic art,"Calming adult coloring pages designed for reflection, rest, and emotional recovery"
Multiracial,Spring,4,Multiracial self-care coloring pages for spring,self care art pages printable wellness,"A culturally inclusive coloring book centered on peace, growth, and renewal"
Multiracial,Summer,1,Healing seasonal coloring book for multiracial adults,summer wellness coloring pages healing,"Multiracial recovery coloring book, printable healing art pages, seasonal self-care illustrations"
Multiracial,Summer,2,Summer renewal coloring pages for multiracial recovery,recovery art pages printable adult coloring,Seasonal recovery coloring pages with reflective scenes and calming line art
Multiracial,Summer,3,Recovery and mindfulness coloring workbook for multiracial adults,seasonal healing workbook reflection,"Calming adult coloring pages designed for reflection, rest, and emotional recovery"
Multiracial,Summer,4,Multiracial self-care coloring pages for summer,mindfulness pages seasonal recovery,"A culturally inclusive coloring book centered on peace, growth, and renewal"
Multiracial,Fall,1,Healing seasonal coloring book for multiracial adults,fall recovery coloring pages gratitude,"Multiracial recovery coloring book, printable healing art pages, seasonal self-care illustrations"
Multiracial,Fall,2,Fall renewal coloring pages for multiracial recovery,therapeutic coloring pages self care,Seasonal recovery coloring pages with reflective scenes and calming line art
Multiracial,Fall,3,Recovery and mindfulness coloring workbook for multiracial adults,adult coloring workbook healing art,"Calming adult coloring pages designed for reflection, rest, and emotional recovery"
Multiracial,Fall,4,Multiracial self-care coloring pages for fall,mindfulness coloring pages autumn,"A culturally inclusive coloring book centered on peace, growth, and renewal"
Multiracial,Winter,1,Healing seasonal coloring book for multiracial adults,winter self care coloring pages,"Multiracial recovery coloring book, printable healing art pages, seasonal self-care illustrations"
Multiracial,Winter,2,Winter renewal coloring pages for multiracial recovery,reflection coloring pages therapeutic,Seasonal recovery coloring pages with reflective scenes and calming line art
Multiracial,Winter,3,Recovery and mindfulness coloring workbook for multiracial adults,calming adult coloring pages,"Calming adult coloring pages designed for reflection, rest, and emotional recovery"
Multiracial,Winter,4,Multiracial self-care coloring pages for winter,healing art pages printable,"A culturally inclusive coloring book centered on peace, growth, and renewal"
