ethnicity line,season,page number,book slot,page type,template id,template name,scene,seasonal detail,detail load,assignment basis,repeat variant,notes
African American,Spring,01,African American Spring 01,Solo portrait,TPL-08,Window + Journal Reflection,Woman journaling by a rainy window with plants.,"flowers, rain, fresh air, journals, new beginnings",Medium,indoor figure with a window or outside view,,Template selected from page type and scene content. Use the detail load column to avoid placing two Heavy pages back to back.
African American,Spring,02,African American Spring 02,Solo portrait,TPL-06,Walking Reflection Scene,Man walking at sunrise in a neighborhood park.,"flowers, rain, fresh air, journals, new beginnings",Light-Medium,"outdoor figure on a path, trail, or shoreline",,Template selected from page type and scene content. Use the detail load column to avoid placing two Heavy pages back to back.
African American,Spring,03,African American Spring 03,Solo portrait,TPL-01,Solo Portrait Calm Scene,Young adult with natural hair doing breathing exercises.,"flowers, rain, fresh air, journals, new beginnings",Medium,"single focal figure with props, no window and no path",,Template selected from page type and scene content. Use the detail load column to avoid placing two Heavy pages back to back.
African American,Spring,04,African American Spring 04,Solo portrait,TPL-01,Solo Portrait Calm Scene,Woman wrapped in blanket holding tea and affirmations.,"flowers, rain, fresh air, journals, new beginnings",Medium,"single focal figure with props, no window and no path","Use 2 of TPL-01 in this book — change the viewpoint and prop cluster: seated vs standing, three-quarter vs frontal, and a different anchor object.",Template selected from page type and scene content. Use the detail load column to avoid placing two Heavy pages back to back.
African American,Spring,05,African American Spring 05,Community scene,TPL-02,Support Circle Scene,Small recovery circle in a community room.,"flowers, rain, fresh air, journals, new beginnings",Heavy,group of four or more around a shared focal interaction,,Template selected from page type and scene content. Use the detail load column to avoid placing two Heavy pages back to back.
African American,Spring,06,African American Spring 06,Community scene,TPL-07,Pair Conversation Scene,Mother and adult daughter planting flowers together.,"flowers, rain, fresh air, journals, new beginnings",Medium,two to three figures in close interaction,,Template selected from page type and scene content. Use the detail load column to avoid placing two Heavy pages back to back.
African American,Spring,07,African American Spring 07,Community scene,TPL-07,Pair Conversation Scene,Friends on a porch sharing encouragement.,"flowers, rain, fresh air, journals, new beginnings",Medium,two to three figures in close interaction,"Use 2 of TPL-07 in this book — change the arrangement: side by side vs facing, seated vs walking, and a different shared object.",Template selected from page type and scene content. Use the detail load column to avoid placing two Heavy pages back to back.
African American,Spring,08,African American Spring 08,Community scene,TPL-07,Pair Conversation Scene,Mentor and newcomer talking after a meeting.,"flowers, rain, fresh air, journals, new beginnings",Medium,two to three figures in close interaction,"Use 3 of TPL-07 in this book — change the arrangement: side by side vs facing, seated vs walking, and a different shared object.",Template selected from page type and scene content. Use the detail load column to avoid placing two Heavy pages back to back.
African American,Spring,09,African American Spring 09,Quote page,TPL-03,Quote Page Framed Border,Floral border with spring blossoms.,"flowers, rain, fresh air, journals, new beginnings",Light,affirmation text with seasonal border,,Template selected from page type and scene content. Use the detail load column to avoid placing two Heavy pages back to back.
African American,Spring,10,African American Spring 10,Quote page,TPL-03,Quote Page Framed Border,Butterflies and soft garden accents.,"flowers, rain, fresh air, journals, new beginnings",Light,affirmation text with seasonal border,Use 2 of TPL-03 in this book — change the border family and quote placement: full frame vs two-corner vs top-and-bottom band.,Template selected from page type and scene content. Use the detail load column to avoid placing two Heavy pages back to back.
African American,Spring,11,African American Spring 11,Quote page,TPL-03,Quote Page Framed Border,"Rain, blossoms, and soft linework.","flowers, rain, fresh air, journals, new beginnings",Light,affirmation text with seasonal border,Use 3 of TPL-03 in this book — change the border family and quote placement: full frame vs two-corner vs top-and-bottom band.,Template selected from page type and scene content. Use the detail load column to avoid placing two Heavy pages back to back.
African American,Spring,12,African American Spring 12,Symbol page,TPL-05,Symbol Cluster Page,"Braids, flowers, hearts, doves, and healing motifs.","flowers, rain, fresh air, journals, new beginnings",Medium,"motif cluster, no scene",,Template selected from page type and scene content. Use the detail load column to avoid placing two Heavy pages back to back.
African American,Spring,13,African American Spring 13,Decorative page,TPL-10,Decorative Border & Pattern Page,"Spring wreath, coffee mug, journal, and soft border shapes.","flowers, rain, fresh air, journals, new beginnings",Medium,"border and pattern composition, no scene",,Template selected from page type and scene content. Use the detail load column to avoid placing two Heavy pages back to back.
African American,Spring,14,African American Spring 14,Environment page,TPL-04,Healing Room Interior,"Cozy bedroom sanctuary with books, candles, and plants.","flowers, rain, fresh air, journals, new beginnings",Heavy,"interior room, no people",,Template selected from page type and scene content. Use the detail load column to avoid placing two Heavy pages back to back.
African American,Spring,15,African American Spring 15,Environment page,TPL-04,Healing Room Interior,Church fellowship hall or wellness room set for support.,"flowers, rain, fresh air, journals, new beginnings",Heavy,"interior room, no people","Use 2 of TPL-04 in this book — change the room and anchor furniture: bed vs armchair vs table, and move the light source.",Template selected from page type and scene content. Use the detail load column to avoid placing two Heavy pages back to back.
African American,Summer,01,African American Summer 01,Solo portrait,TPL-01,Solo Portrait Calm Scene,Woman sitting under a tree with a recovery journal.,"sunlight, porches, gardens, walking paths, community warmth",Medium,"single focal figure with props, no window and no path",,Template selected from page type and scene content. Use the detail load column to avoid placing two Heavy pages back to back.
African American,Summer,02,African American Summer 02,Solo portrait,TPL-06,Walking Reflection Scene,Man at a lakefront dock reflecting peacefully.,"sunlight, porches, gardens, walking paths, community warmth",Light-Medium,"outdoor figure on a path, trail, or shoreline",,Template selected from page type and scene content. Use the detail load column to avoid placing two Heavy pages back to back.
African American,Summer,03,African American Summer 03,Solo portrait,TPL-01,Solo Portrait Calm Scene,Young adult stretching in morning sunlight.,"sunlight, porches, gardens, walking paths, community warmth",Medium,"single focal figure with props, no window and no path","Use 2 of TPL-01 in this book — change the viewpoint and prop cluster: seated vs standing, three-quarter vs frontal, and a different anchor object.",Template selected from page type and scene content. Use the detail load column to avoid placing two Heavy pages back to back.
African American,Summer,04,African American Summer 04,Solo portrait,TPL-01,Solo Portrait Calm Scene,Woman smiling on a porch swing with tea.,"sunlight, porches, gardens, walking paths, community warmth",Medium,"single focal figure with props, no window and no path","Use 3 of TPL-01 in this book — change the viewpoint and prop cluster: seated vs standing, three-quarter vs frontal, and a different anchor object.",Template selected from page type and scene content. Use the detail load column to avoid placing two Heavy pages back to back.
African American,Summer,05,African American Summer 05,Community scene,TPL-02,Support Circle Scene,Outdoor support group in a park.,"sunlight, porches, gardens, walking paths, community warmth",Heavy,group of four or more around a shared focal interaction,,Template selected from page type and scene content. Use the detail load column to avoid placing two Heavy pages back to back.
African American,Summer,06,African American Summer 06,Community scene,TPL-02,Support Circle Scene,Family picnic centered on peace and connection.,"sunlight, porches, gardens, walking paths, community warmth",Heavy,group of four or more around a shared focal interaction,"Use 2 of TPL-02 in this book — change the seating geometry and eye level: open horseshoe vs closed ring, standing vs seated, and a different room or landscape anchor.",Template selected from page type and scene content. Use the detail load column to avoid placing two Heavy pages back to back.
African American,Summer,07,African American Summer 07,Community scene,TPL-07,Pair Conversation Scene,Two friends walking a neighborhood trail.,"sunlight, porches, gardens, walking paths, community warmth",Medium,two to three figures in close interaction,,Template selected from page type and scene content. Use the detail load column to avoid placing two Heavy pages back to back.
African American,Summer,08,African American Summer 08,Community scene,TPL-02,Support Circle Scene,Barber shop or beauty shop encouragement scene.,"sunlight, porches, gardens, walking paths, community warmth",Heavy,"group scene, no explicit pair cue","Use 3 of TPL-02 in this book — change the seating geometry and eye level: open horseshoe vs closed ring, standing vs seated, and a different room or landscape anchor.",Template selected from page type and scene content. Use the detail load column to avoid placing two Heavy pages back to back.
African American,Summer,09,African American Summer 09,Quote page,TPL-03,Quote Page Framed Border,Sunflowers and bright summer accents.,"sunlight, porches, gardens, walking paths, community warmth",Light,affirmation text with seasonal border,,Template selected from page type and scene content. Use the detail load column to avoid placing two Heavy pages back to back.
African American,Summer,10,African American Summer 10,Quote page,TPL-03,Quote Page Framed Border,Bold sun-themed border.,"sunlight, porches, gardens, walking paths, community warmth",Light,affirmation text with seasonal border,Use 2 of TPL-03 in this book — change the border family and quote placement: full frame vs two-corner vs top-and-bottom band.,Template selected from page type and scene content. Use the detail load column to avoid placing two Heavy pages back to back.
African American,Summer,11,African American Summer 11,Quote page,TPL-03,Quote Page Framed Border,Warm rays and open space.,"sunlight, porches, gardens, walking paths, community warmth",Light,affirmation text with seasonal border,Use 3 of TPL-03 in this book — change the border family and quote placement: full frame vs two-corner vs top-and-bottom band.,Template selected from page type and scene content. Use the detail load column to avoid placing two Heavy pages back to back.
African American,Summer,12,African American Summer 12,Symbol page,TPL-05,Symbol Cluster Page,"Sunflowers, sandals, lemonade, hearts, and rays.","sunlight, porches, gardens, walking paths, community warmth",Medium,"motif cluster, no scene",,Template selected from page type and scene content. Use the detail load column to avoid placing two Heavy pages back to back.
African American,Summer,13,African American Summer 13,Decorative page,TPL-10,Decorative Border & Pattern Page,"Porch, fans, flowers, and radiant lines.","sunlight, porches, gardens, walking paths, community warmth",Medium,"border and pattern composition, no scene",,Template selected from page type and scene content. Use the detail load column to avoid placing two Heavy pages back to back.
African American,Summer,14,African American Summer 14,Environment page,TPL-09,Outdoor Sanctuary,Backyard safe-space patio with string lights.,"sunlight, porches, gardens, walking paths, community warmth",Heavy,"outdoor retreat space, no people",,Template selected from page type and scene content. Use the detail load column to avoid placing two Heavy pages back to back.
African American,Summer,15,African American Summer 15,Environment page,TPL-09,Outdoor Sanctuary,Summer community garden scene.,"sunlight, porches, gardens, walking paths, community warmth",Heavy,"outdoor retreat space, no people","Use 2 of TPL-09 in this book — change the built anchor: bench vs table vs planter bed, and the enclosure edge.",Template selected from page type and scene content. Use the detail load column to avoid placing two Heavy pages back to back.
African American,Fall,01,African American Fall 01,Solo portrait,TPL-08,Window + Journal Reflection,Woman in sweater journaling with falling leaves outside.,"leaves, tea, blankets, candles, gratitude, release",Medium,indoor figure with a window or outside view,,Template selected from page type and scene content. Use the detail load column to avoid placing two Heavy pages back to back.
African American,Fall,02,African American Fall 02,Solo portrait,TPL-06,Walking Reflection Scene,Man holding coffee on a quiet morning walk.,"leaves, tea, blankets, candles, gratitude, release",Light-Medium,"outdoor figure on a path, trail, or shoreline",,Template selected from page type and scene content. Use the detail load column to avoid placing two Heavy pages back to back.
African American,Fall,03,African American Fall 03,Solo portrait,TPL-01,Solo Portrait Calm Scene,Young adult resting on a couch with soft blanket.,"leaves, tea, blankets, candles, gratitude, release",Medium,"single focal figure with props, no window and no path",,Template selected from page type and scene content. Use the detail load column to avoid placing two Heavy pages back to back.
African American,Fall,04,African American Fall 04,Solo portrait,TPL-01,Solo Portrait Calm Scene,Woman lighting a candle beside a gratitude notebook.,"leaves, tea, blankets, candles, gratitude, release",Medium,"single focal figure with props, no window and no path","Use 2 of TPL-01 in this book — change the viewpoint and prop cluster: seated vs standing, three-quarter vs frontal, and a different anchor object.",Template selected from page type and scene content. Use the detail load column to avoid placing two Heavy pages back to back.
African American,Fall,05,African American Fall 05,Community scene,TPL-02,Support Circle Scene,Small indoor support circle with warm décor.,"leaves, tea, blankets, candles, gratitude, release",Heavy,group of four or more around a shared focal interaction,,Template selected from page type and scene content. Use the detail load column to avoid placing two Heavy pages back to back.
African American,Fall,06,African American Fall 06,Community scene,TPL-07,Pair Conversation Scene,Parent and teen baking together in recovery home.,"leaves, tea, blankets, candles, gratitude, release",Medium,two to three figures in close interaction,,Template selected from page type and scene content. Use the detail load column to avoid placing two Heavy pages back to back.
African American,Fall,07,African American Fall 07,Community scene,TPL-07,Pair Conversation Scene,Siblings reconnecting at a kitchen table.,"leaves, tea, blankets, candles, gratitude, release",Medium,two to three figures in close interaction,"Use 2 of TPL-07 in this book — change the arrangement: side by side vs facing, seated vs walking, and a different shared object.",Template selected from page type and scene content. Use the detail load column to avoid placing two Heavy pages back to back.
African American,Fall,08,African American Fall 08,Community scene,TPL-07,Pair Conversation Scene,Sponsor-style conversation on a park bench.,"leaves, tea, blankets, candles, gratitude, release",Medium,two to three figures in close interaction,"Use 3 of TPL-07 in this book — change the arrangement: side by side vs facing, seated vs walking, and a different shared object.",Template selected from page type and scene content. Use the detail load column to avoid placing two Heavy pages back to back.
African American,Fall,09,African American Fall 09,Quote page,TPL-03,Quote Page Framed Border,Autumn leaves and warm texture.,"leaves, tea, blankets, candles, gratitude, release",Light,affirmation text with seasonal border,,Template selected from page type and scene content. Use the detail load column to avoid placing two Heavy pages back to back.
African American,Fall,10,African American Fall 10,Quote page,TPL-03,Quote Page Framed Border,Coffee mug and soft knit accents.,"leaves, tea, blankets, candles, gratitude, release",Light,affirmation text with seasonal border,Use 2 of TPL-03 in this book — change the border family and quote placement: full frame vs two-corner vs top-and-bottom band.,Template selected from page type and scene content. Use the detail load column to avoid placing two Heavy pages back to back.
African American,Fall,11,African American Fall 11,Quote page,TPL-03,Quote Page Framed Border,Leaves and open space.,"leaves, tea, blankets, candles, gratitude, release",Light,affirmation text with seasonal border,Use 3 of TPL-03 in this book — change the border family and quote placement: full frame vs two-corner vs top-and-bottom band.,Template selected from page type and scene content. Use the detail load column to avoid placing two Heavy pages back to back.
African American,Fall,12,African American Fall 12,Symbol page,TPL-05,Symbol Cluster Page,"Leaves, pumpkins, journals, and faith symbols.","leaves, tea, blankets, candles, gratitude, release",Medium,"motif cluster, no scene",,Template selected from page type and scene content. Use the detail load column to avoid placing two Heavy pages back to back.
African American,Fall,13,African American Fall 13,Decorative page,TPL-10,Decorative Border & Pattern Page,"Plaid patterns, leaves, candles, and harvest shapes.","leaves, tea, blankets, candles, gratitude, release",Medium,"border and pattern composition, no scene",,Template selected from page type and scene content. Use the detail load column to avoid placing two Heavy pages back to back.
African American,Fall,14,African American Fall 14,Environment page,TPL-04,Healing Room Interior,Reading nook sanctuary with blanket and books.,"leaves, tea, blankets, candles, gratitude, release",Heavy,"interior room, no people",,Template selected from page type and scene content. Use the detail load column to avoid placing two Heavy pages back to back.
African American,Fall,15,African American Fall 15,Environment page,TPL-04,Healing Room Interior,"Calm kitchen table scene with pie, tea, and peace.","leaves, tea, blankets, candles, gratitude, release",Heavy,"interior room, no people","Use 2 of TPL-04 in this book — change the room and anchor furniture: bed vs armchair vs table, and move the light source.",Template selected from page type and scene content. Use the detail load column to avoid placing two Heavy pages back to back.
African American,Winter,01,African American Winter 01,Solo portrait,TPL-08,Window + Journal Reflection,Woman at a window with snowfall and prayer journal.,"snow, quilts, lamps, cocoa, candles, indoor calm",Medium,indoor figure with a window or outside view,,Template selected from page type and scene content. Use the detail load column to avoid placing two Heavy pages back to back.
African American,Winter,02,African American Winter 02,Solo portrait,TPL-06,Walking Reflection Scene,Man in knit cap walking through peaceful winter air.,"snow, quilts, lamps, cocoa, candles, indoor calm",Light-Medium,"outdoor figure on a path, trail, or shoreline",,Template selected from page type and scene content. Use the detail load column to avoid placing two Heavy pages back to back.
African American,Winter,03,African American Winter 03,Solo portrait,TPL-01,Solo Portrait Calm Scene,Young adult coloring beside candles and blanket.,"snow, quilts, lamps, cocoa, candles, indoor calm",Medium,"single focal figure with props, no window and no path",,Template selected from page type and scene content. Use the detail load column to avoid placing two Heavy pages back to back.
African American,Winter,04,African American Winter 04,Solo portrait,TPL-01,Solo Portrait Calm Scene,Woman holding cocoa and reflecting by a lamp.,"snow, quilts, lamps, cocoa, candles, indoor calm",Medium,"single focal figure with props, no window and no path","Use 2 of TPL-01 in this book — change the viewpoint and prop cluster: seated vs standing, three-quarter vs frontal, and a different anchor object.",Template selected from page type and scene content. Use the detail load column to avoid placing two Heavy pages back to back.
African American,Winter,05,African American Winter 05,Community scene,TPL-02,Support Circle Scene,Indoor support group with holiday-neutral warmth.,"snow, quilts, lamps, cocoa, candles, indoor calm",Heavy,group of four or more around a shared focal interaction,,Template selected from page type and scene content. Use the detail load column to avoid placing two Heavy pages back to back.
African American,Winter,06,African American Winter 06,Community scene,TPL-07,Pair Conversation Scene,Grandmother and adult grandchild sharing quiet encouragement.,"snow, quilts, lamps, cocoa, candles, indoor calm",Medium,two to three figures in close interaction,,Template selected from page type and scene content. Use the detail load column to avoid placing two Heavy pages back to back.
African American,Winter,07,African American Winter 07,Community scene,TPL-07,Pair Conversation Scene,Couple healing together through conversation.,"snow, quilts, lamps, cocoa, candles, indoor calm",Medium,two to three figures in close interaction,"Use 2 of TPL-07 in this book — change the arrangement: side by side vs facing, seated vs walking, and a different shared object.",Template selected from page type and scene content. Use the detail load column to avoid placing two Heavy pages back to back.
African American,Winter,08,African American Winter 08,Community scene,TPL-07,Pair Conversation Scene,Friend dropping off soup and support.,"snow, quilts, lamps, cocoa, candles, indoor calm",Medium,two to three figures in close interaction,"Use 3 of TPL-07 in this book — change the arrangement: side by side vs facing, seated vs walking, and a different shared object.",Template selected from page type and scene content. Use the detail load column to avoid placing two Heavy pages back to back.
African American,Winter,09,African American Winter 09,Quote page,TPL-03,Quote Page Framed Border,Snowflake border and candle glow.,"snow, quilts, lamps, cocoa, candles, indoor calm",Light,affirmation text with seasonal border,,Template selected from page type and scene content. Use the detail load column to avoid placing two Heavy pages back to back.
African American,Winter,10,African American Winter 10,Quote page,TPL-03,Quote Page Framed Border,Winter window and soft blanket accents.,"snow, quilts, lamps, cocoa, candles, indoor calm",Light,affirmation text with seasonal border,Use 2 of TPL-03 in this book — change the border family and quote placement: full frame vs two-corner vs top-and-bottom band.,Template selected from page type and scene content. Use the detail load column to avoid placing two Heavy pages back to back.
African American,Winter,11,African American Winter 11,Quote page,TPL-03,Quote Page Framed Border,Candle and light motif.,"snow, quilts, lamps, cocoa, candles, indoor calm",Light,affirmation text with seasonal border,Use 3 of TPL-03 in this book — change the border family and quote placement: full frame vs two-corner vs top-and-bottom band.,Template selected from page type and scene content. Use the detail load column to avoid placing two Heavy pages back to back.
African American,Winter,12,African American Winter 12,Symbol page,TPL-05,Symbol Cluster Page,"Mittens, candles, doves, hearts, and stars.","snow, quilts, lamps, cocoa, candles, indoor calm",Medium,"motif cluster, no scene",,Template selected from page type and scene content. Use the detail load column to avoid placing two Heavy pages back to back.
African American,Winter,13,African American Winter 13,Decorative page,TPL-10,Decorative Border & Pattern Page,"Quilts, ornaments, stars, and calm lines.","snow, quilts, lamps, cocoa, candles, indoor calm",Medium,"border and pattern composition, no scene",,Template selected from page type and scene content. Use the detail load column to avoid placing two Heavy pages back to back.
African American,Winter,14,African American Winter 14,Environment page,TPL-04,Healing Room Interior,Bedroom retreat with soft lamp and heavy comforter.,"snow, quilts, lamps, cocoa, candles, indoor calm",Heavy,"interior room, no people",,Template selected from page type and scene content. Use the detail load column to avoid placing two Heavy pages back to back.
African American,Winter,15,African American Winter 15,Environment page,TPL-04,Healing Room Interior,Peaceful living room with tea table and books.,"snow, quilts, lamps, cocoa, candles, indoor calm",Heavy,"interior room, no people","Use 2 of TPL-04 in this book — change the room and anchor furniture: bed vs armchair vs table, and move the light source.",Template selected from page type and scene content. Use the detail load column to avoid placing two Heavy pages back to back.
Hispanic,Spring,01,Hispanic Spring 01,Solo portrait,TPL-08,Window + Journal Reflection,Latina woman journaling near flowers and open curtains.,"flowers, rain, fresh air, journals, new beginnings",Medium,indoor figure with a window or outside view,,Template selected from page type and scene content. Use the detail load column to avoid placing two Heavy pages back to back.
Hispanic,Spring,02,Hispanic Spring 02,Solo portrait,TPL-06,Walking Reflection Scene,Latino man walking after dawn with peaceful expression.,"flowers, rain, fresh air, journals, new beginnings",Light-Medium,"outdoor figure on a path, trail, or shoreline",,Template selected from page type and scene content. Use the detail load column to avoid placing two Heavy pages back to back.
Hispanic,Spring,03,Hispanic Spring 03,Solo portrait,TPL-01,Solo Portrait Calm Scene,Young adult doing grounding exercise on patio.,"flowers, rain, fresh air, journals, new beginnings",Medium,"single focal figure with props, no window and no path",,Template selected from page type and scene content. Use the detail load column to avoid placing two Heavy pages back to back.
Hispanic,Spring,04,Hispanic Spring 04,Solo portrait,TPL-01,Solo Portrait Calm Scene,Woman with tea and blanket embracing rest.,"flowers, rain, fresh air, journals, new beginnings",Medium,"single focal figure with props, no window and no path","Use 2 of TPL-01 in this book — change the viewpoint and prop cluster: seated vs standing, three-quarter vs frontal, and a different anchor object.",Template selected from page type and scene content. Use the detail load column to avoid placing two Heavy pages back to back.
Hispanic,Spring,05,Hispanic Spring 05,Community scene,TPL-02,Support Circle Scene,Small support circle in a bright community room.,"flowers, rain, fresh air, journals, new beginnings",Heavy,group of four or more around a shared focal interaction,,Template selected from page type and scene content. Use the detail load column to avoid placing two Heavy pages back to back.
Hispanic,Spring,06,Hispanic Spring 06,Community scene,TPL-07,Pair Conversation Scene,Mother and daughter tending a garden together.,"flowers, rain, fresh air, journals, new beginnings",Medium,two to three figures in close interaction,,Template selected from page type and scene content. Use the detail load column to avoid placing two Heavy pages back to back.
Hispanic,Spring,07,Hispanic Spring 07,Community scene,TPL-02,Support Circle Scene,Family sharing breakfast with a calm home feeling.,"flowers, rain, fresh air, journals, new beginnings",Heavy,group of four or more around a shared focal interaction,"Use 2 of TPL-02 in this book — change the seating geometry and eye level: open horseshoe vs closed ring, standing vs seated, and a different room or landscape anchor.",Template selected from page type and scene content. Use the detail load column to avoid placing two Heavy pages back to back.
Hispanic,Spring,08,Hispanic Spring 08,Community scene,TPL-07,Pair Conversation Scene,Two friends talking after a wellness group.,"flowers, rain, fresh air, journals, new beginnings",Medium,two to three figures in close interaction,"Use 2 of TPL-07 in this book — change the arrangement: side by side vs facing, seated vs walking, and a different shared object.",Template selected from page type and scene content. Use the detail load column to avoid placing two Heavy pages back to back.
Hispanic,Spring,09,Hispanic Spring 09,Quote page,TPL-03,Quote Page Framed Border,Floral border.,"flowers, rain, fresh air, journals, new beginnings",Light,affirmation text with seasonal border,,Template selected from page type and scene content. Use the detail load column to avoid placing two Heavy pages back to back.
Hispanic,Spring,10,Hispanic Spring 10,Quote page,TPL-03,Quote Page Framed Border,Butterflies and soft garden accents.,"flowers, rain, fresh air, journals, new beginnings",Light,affirmation text with seasonal border,Use 2 of TPL-03 in this book — change the border family and quote placement: full frame vs two-corner vs top-and-bottom band.,Template selected from page type and scene content. Use the detail load column to avoid placing two Heavy pages back to back.
Hispanic,Spring,11,Hispanic Spring 11,Quote page,TPL-03,Quote Page Framed Border,"Rain, blossoms, and soft linework.","flowers, rain, fresh air, journals, new beginnings",Light,affirmation text with seasonal border,Use 3 of TPL-03 in this book — change the border family and quote placement: full frame vs two-corner vs top-and-bottom band.,Template selected from page type and scene content. Use the detail load column to avoid placing two Heavy pages back to back.
Hispanic,Spring,12,Hispanic Spring 12,Symbol page,TPL-05,Symbol Cluster Page,"Flowers, hummingbirds, hearts, and sun motifs.","flowers, rain, fresh air, journals, new beginnings",Medium,"motif cluster, no scene",,Template selected from page type and scene content. Use the detail load column to avoid placing two Heavy pages back to back.
Hispanic,Spring,13,Hispanic Spring 13,Decorative page,TPL-10,Decorative Border & Pattern Page,"Journal, tiled accents, and spring border.","flowers, rain, fresh air, journals, new beginnings",Medium,"border and pattern composition, no scene",,Template selected from page type and scene content. Use the detail load column to avoid placing two Heavy pages back to back.
Hispanic,Spring,14,Hispanic Spring 14,Environment page,TPL-04,Healing Room Interior,Calm bedroom with woven blanket and plants.,"flowers, rain, fresh air, journals, new beginnings",Heavy,"interior room, no people",,Template selected from page type and scene content. Use the detail load column to avoid placing two Heavy pages back to back.
Hispanic,Spring,15,Hispanic Spring 15,Environment page,TPL-09,Outdoor Sanctuary,Courtyard or patio sanctuary scene.,"flowers, rain, fresh air, journals, new beginnings",Heavy,"outdoor retreat space, no people",,Template selected from page type and scene content. Use the detail load column to avoid placing two Heavy pages back to back.
Hispanic,Summer,01,Hispanic Summer 01,Solo portrait,TPL-01,Solo Portrait Calm Scene,Woman resting in sunlight with sketchbook.,"sunlight, porches, gardens, walking paths, community warmth",Medium,"single focal figure with props, no window and no path",,Template selected from page type and scene content. Use the detail load column to avoid placing two Heavy pages back to back.
Hispanic,Summer,02,Hispanic Summer 02,Solo portrait,TPL-06,Walking Reflection Scene,Man on beachside boardwalk or riverside walk.,"sunlight, porches, gardens, walking paths, community warmth",Light-Medium,"outdoor figure on a path, trail, or shoreline",,Template selected from page type and scene content. Use the detail load column to avoid placing two Heavy pages back to back.
Hispanic,Summer,03,Hispanic Summer 03,Solo portrait,TPL-01,Solo Portrait Calm Scene,Young adult stretching in a bright backyard.,"sunlight, porches, gardens, walking paths, community warmth",Medium,"single focal figure with props, no window and no path","Use 2 of TPL-01 in this book — change the viewpoint and prop cluster: seated vs standing, three-quarter vs frontal, and a different anchor object.",Template selected from page type and scene content. Use the detail load column to avoid placing two Heavy pages back to back.
Hispanic,Summer,04,Hispanic Summer 04,Solo portrait,TPL-01,Solo Portrait Calm Scene,Woman laughing softly on shaded porch.,"sunlight, porches, gardens, walking paths, community warmth",Medium,"single focal figure with props, no window and no path","Use 3 of TPL-01 in this book — change the viewpoint and prop cluster: seated vs standing, three-quarter vs frontal, and a different anchor object.",Template selected from page type and scene content. Use the detail load column to avoid placing two Heavy pages back to back.
Hispanic,Summer,05,Hispanic Summer 05,Community scene,TPL-02,Support Circle Scene,Outdoor support group under trees.,"sunlight, porches, gardens, walking paths, community warmth",Heavy,group of four or more around a shared focal interaction,,Template selected from page type and scene content. Use the detail load column to avoid placing two Heavy pages back to back.
Hispanic,Summer,06,Hispanic Summer 06,Community scene,TPL-02,Support Circle Scene,Family cookout focused on reconnection and peace.,"sunlight, porches, gardens, walking paths, community warmth",Heavy,group of four or more around a shared focal interaction,"Use 2 of TPL-02 in this book — change the seating geometry and eye level: open horseshoe vs closed ring, standing vs seated, and a different room or landscape anchor.",Template selected from page type and scene content. Use the detail load column to avoid placing two Heavy pages back to back.
Hispanic,Summer,07,Hispanic Summer 07,Community scene,TPL-07,Pair Conversation Scene,Friends sharing aguas frescas and conversation.,"sunlight, porches, gardens, walking paths, community warmth",Medium,two to three figures in close interaction,,Template selected from page type and scene content. Use the detail load column to avoid placing two Heavy pages back to back.
Hispanic,Summer,08,Hispanic Summer 08,Community scene,TPL-07,Pair Conversation Scene,Elder offering encouragement to younger adult.,"sunlight, porches, gardens, walking paths, community warmth",Medium,two to three figures in close interaction,"Use 2 of TPL-07 in this book — change the arrangement: side by side vs facing, seated vs walking, and a different shared object.",Template selected from page type and scene content. Use the detail load column to avoid placing two Heavy pages back to back.
Hispanic,Summer,09,Hispanic Summer 09,Quote page,TPL-03,Quote Page Framed Border,Sun and summer warmth.,"sunlight, porches, gardens, walking paths, community warmth",Light,affirmation text with seasonal border,,Template selected from page type and scene content. Use the detail load column to avoid placing two Heavy pages back to back.
Hispanic,Summer,10,Hispanic Summer 10,Quote page,TPL-03,Quote Page Framed Border,Bold sun accents.,"sunlight, porches, gardens, walking paths, community warmth",Light,affirmation text with seasonal border,Use 2 of TPL-03 in this book — change the border family and quote placement: full frame vs two-corner vs top-and-bottom band.,Template selected from page type and scene content. Use the detail load column to avoid placing two Heavy pages back to back.
Hispanic,Summer,11,Hispanic Summer 11,Quote page,TPL-03,Quote Page Framed Border,Open sky and calm space.,"sunlight, porches, gardens, walking paths, community warmth",Light,affirmation text with seasonal border,Use 3 of TPL-03 in this book — change the border family and quote placement: full frame vs two-corner vs top-and-bottom band.,Template selected from page type and scene content. Use the detail load column to avoid placing two Heavy pages back to back.
Hispanic,Summer,12,Hispanic Summer 12,Symbol page,TPL-05,Symbol Cluster Page,"Sun, flowers, fruit, and hearts.","sunlight, porches, gardens, walking paths, community warmth",Medium,"motif cluster, no scene",,Template selected from page type and scene content. Use the detail load column to avoid placing two Heavy pages back to back.
Hispanic,Summer,13,Hispanic Summer 13,Decorative page,TPL-10,Decorative Border & Pattern Page,Picnic motifs and summer borders.,"sunlight, porches, gardens, walking paths, community warmth",Medium,"border and pattern composition, no scene",,Template selected from page type and scene content. Use the detail load column to avoid placing two Heavy pages back to back.
Hispanic,Summer,14,Hispanic Summer 14,Environment page,TPL-09,Outdoor Sanctuary,Safe outdoor patio with lanterns and plants.,"sunlight, porches, gardens, walking paths, community warmth",Heavy,"outdoor retreat space, no people",,Template selected from page type and scene content. Use the detail load column to avoid placing two Heavy pages back to back.
Hispanic,Summer,15,Hispanic Summer 15,Environment page,TPL-09,Outdoor Sanctuary,Community center courtyard scene.,"sunlight, porches, gardens, walking paths, community warmth",Heavy,"outdoor retreat space, no people","Use 2 of TPL-09 in this book — change the built anchor: bench vs table vs planter bed, and the enclosure edge.",Template selected from page type and scene content. Use the detail load column to avoid placing two Heavy pages back to back.
Hispanic,Fall,01,Hispanic Fall 01,Solo portrait,TPL-08,Window + Journal Reflection,Woman in shawl journaling beside a window.,"leaves, tea, blankets, candles, gratitude, release",Medium,indoor figure with a window or outside view,,Template selected from page type and scene content. Use the detail load column to avoid placing two Heavy pages back to back.
Hispanic,Fall,02,Hispanic Fall 02,Solo portrait,TPL-06,Walking Reflection Scene,Man with coffee walking under autumn trees.,"leaves, tea, blankets, candles, gratitude, release",Light-Medium,"outdoor figure on a path, trail, or shoreline",,Template selected from page type and scene content. Use the detail load column to avoid placing two Heavy pages back to back.
Hispanic,Fall,03,Hispanic Fall 03,Solo portrait,TPL-01,Solo Portrait Calm Scene,Young adult reading affirmations in a cozy chair.,"leaves, tea, blankets, candles, gratitude, release",Medium,"single focal figure with props, no window and no path",,Template selected from page type and scene content. Use the detail load column to avoid placing two Heavy pages back to back.
Hispanic,Fall,04,Hispanic Fall 04,Solo portrait,TPL-01,Solo Portrait Calm Scene,Woman making tea in a peaceful kitchen.,"leaves, tea, blankets, candles, gratitude, release",Medium,"single focal figure with props, no window and no path","Use 2 of TPL-01 in this book — change the viewpoint and prop cluster: seated vs standing, three-quarter vs frontal, and a different anchor object.",Template selected from page type and scene content. Use the detail load column to avoid placing two Heavy pages back to back.
Hispanic,Fall,05,Hispanic Fall 05,Community scene,TPL-02,Support Circle Scene,Indoor recovery group with warm seasonal décor.,"leaves, tea, blankets, candles, gratitude, release",Heavy,group of four or more around a shared focal interaction,,Template selected from page type and scene content. Use the detail load column to avoid placing two Heavy pages back to back.
Hispanic,Fall,06,Hispanic Fall 06,Community scene,TPL-02,Support Circle Scene,Family preparing a comforting meal together.,"leaves, tea, blankets, candles, gratitude, release",Heavy,group of four or more around a shared focal interaction,"Use 2 of TPL-02 in this book — change the seating geometry and eye level: open horseshoe vs closed ring, standing vs seated, and a different room or landscape anchor.",Template selected from page type and scene content. Use the detail load column to avoid placing two Heavy pages back to back.
Hispanic,Fall,07,Hispanic Fall 07,Community scene,TPL-07,Pair Conversation Scene,Sisters talking honestly at a table.,"leaves, tea, blankets, candles, gratitude, release",Medium,two to three figures in close interaction,,Template selected from page type and scene content. Use the detail load column to avoid placing two Heavy pages back to back.
Hispanic,Fall,08,Hispanic Fall 08,Community scene,TPL-07,Pair Conversation Scene,Mentor check-in after a class or meeting.,"leaves, tea, blankets, candles, gratitude, release",Medium,two to three figures in close interaction,"Use 2 of TPL-07 in this book — change the arrangement: side by side vs facing, seated vs walking, and a different shared object.",Template selected from page type and scene content. Use the detail load column to avoid placing two Heavy pages back to back.
Hispanic,Fall,09,Hispanic Fall 09,Quote page,TPL-03,Quote Page Framed Border,Warm cup and autumn textures.,"leaves, tea, blankets, candles, gratitude, release",Light,affirmation text with seasonal border,,Template selected from page type and scene content. Use the detail load column to avoid placing two Heavy pages back to back.
Hispanic,Fall,10,Hispanic Fall 10,Quote page,TPL-03,Quote Page Framed Border,Leaves and reflective border.,"leaves, tea, blankets, candles, gratitude, release",Light,affirmation text with seasonal border,Use 2 of TPL-03 in this book — change the border family and quote placement: full frame vs two-corner vs top-and-bottom band.,Template selected from page type and scene content. Use the detail load column to avoid placing two Heavy pages back to back.
Hispanic,Fall,11,Hispanic Fall 11,Quote page,TPL-03,Quote Page Framed Border,Window light and soft linework.,"leaves, tea, blankets, candles, gratitude, release",Light,affirmation text with seasonal border,Use 3 of TPL-03 in this book — change the border family and quote placement: full frame vs two-corner vs top-and-bottom band.,Template selected from page type and scene content. Use the detail load column to avoid placing two Heavy pages back to back.
Hispanic,Fall,12,Hispanic Fall 12,Symbol page,TPL-05,Symbol Cluster Page,"Leaves, mugs, candles, and flowers.","leaves, tea, blankets, candles, gratitude, release",Medium,"motif cluster, no scene",,Template selected from page type and scene content. Use the detail load column to avoid placing two Heavy pages back to back.
Hispanic,Fall,13,Hispanic Fall 13,Decorative page,TPL-10,Decorative Border & Pattern Page,Woven textures and fall patterns.,"leaves, tea, blankets, candles, gratitude, release",Medium,"border and pattern composition, no scene",,Template selected from page type and scene content. Use the detail load column to avoid placing two Heavy pages back to back.
Hispanic,Fall,14,Hispanic Fall 14,Environment page,TPL-04,Healing Room Interior,Reading corner with blankets and houseplants.,"leaves, tea, blankets, candles, gratitude, release",Heavy,"interior room, no people",,Template selected from page type and scene content. Use the detail load column to avoid placing two Heavy pages back to back.
Hispanic,Fall,15,Hispanic Fall 15,Environment page,TPL-04,Healing Room Interior,Warm dining room sanctuary scene.,"leaves, tea, blankets, candles, gratitude, release",Heavy,"interior room, no people","Use 2 of TPL-04 in this book — change the room and anchor furniture: bed vs armchair vs table, and move the light source.",Template selected from page type and scene content. Use the detail load column to avoid placing two Heavy pages back to back.
Hispanic,Winter,01,Hispanic Winter 01,Solo portrait,TPL-08,Window + Journal Reflection,Woman with candle and journal by a window.,"snow, quilts, lamps, cocoa, candles, indoor calm",Medium,indoor figure with a window or outside view,,Template selected from page type and scene content. Use the detail load column to avoid placing two Heavy pages back to back.
Hispanic,Winter,02,Hispanic Winter 02,Solo portrait,TPL-06,Walking Reflection Scene,Man bundled up on a peaceful morning walk.,"snow, quilts, lamps, cocoa, candles, indoor calm",Light-Medium,"outdoor figure on a path, trail, or shoreline",,Template selected from page type and scene content. Use the detail load column to avoid placing two Heavy pages back to back.
Hispanic,Winter,03,Hispanic Winter 03,Solo portrait,TPL-01,Solo Portrait Calm Scene,Young adult coloring near a lamp and blanket.,"snow, quilts, lamps, cocoa, candles, indoor calm",Medium,"single focal figure with props, no window and no path",,Template selected from page type and scene content. Use the detail load column to avoid placing two Heavy pages back to back.
Hispanic,Winter,04,Hispanic Winter 04,Solo portrait,TPL-01,Solo Portrait Calm Scene,Woman reflecting with cocoa and soft music.,"snow, quilts, lamps, cocoa, candles, indoor calm",Medium,"single focal figure with props, no window and no path","Use 2 of TPL-01 in this book — change the viewpoint and prop cluster: seated vs standing, three-quarter vs frontal, and a different anchor object.",Template selected from page type and scene content. Use the detail load column to avoid placing two Heavy pages back to back.
Hispanic,Winter,05,Hispanic Winter 05,Community scene,TPL-02,Support Circle Scene,Indoor support gathering with welcoming chairs.,"snow, quilts, lamps, cocoa, candles, indoor calm",Heavy,group of four or more around a shared focal interaction,,Template selected from page type and scene content. Use the detail load column to avoid placing two Heavy pages back to back.
Hispanic,Winter,06,Hispanic Winter 06,Community scene,TPL-07,Pair Conversation Scene,Parent and adult child sharing healing conversation.,"snow, quilts, lamps, cocoa, candles, indoor calm",Medium,two to three figures in close interaction,,Template selected from page type and scene content. Use the detail load column to avoid placing two Heavy pages back to back.
Hispanic,Winter,07,Hispanic Winter 07,Community scene,TPL-07,Pair Conversation Scene,Friends checking on one another during winter.,"snow, quilts, lamps, cocoa, candles, indoor calm",Medium,two to three figures in close interaction,"Use 2 of TPL-07 in this book — change the arrangement: side by side vs facing, seated vs walking, and a different shared object.",Template selected from page type and scene content. Use the detail load column to avoid placing two Heavy pages back to back.
Hispanic,Winter,08,Hispanic Winter 08,Community scene,TPL-02,Support Circle Scene,Family game night centered on safe connection.,"snow, quilts, lamps, cocoa, candles, indoor calm",Heavy,group of four or more around a shared focal interaction,"Use 2 of TPL-02 in this book — change the seating geometry and eye level: open horseshoe vs closed ring, standing vs seated, and a different room or landscape anchor.",Template selected from page type and scene content. Use the detail load column to avoid placing two Heavy pages back to back.
Hispanic,Winter,09,Hispanic Winter 09,Quote page,TPL-03,Quote Page Framed Border,Winter light and soft stars.,"snow, quilts, lamps, cocoa, candles, indoor calm",Light,affirmation text with seasonal border,,Template selected from page type and scene content. Use the detail load column to avoid placing two Heavy pages back to back.
Hispanic,Winter,10,Hispanic Winter 10,Quote page,TPL-03,Quote Page Framed Border,Candle and cozy texture.,"snow, quilts, lamps, cocoa, candles, indoor calm",Light,affirmation text with seasonal border,Use 2 of TPL-03 in this book — change the border family and quote placement: full frame vs two-corner vs top-and-bottom band.,Template selected from page type and scene content. Use the detail load column to avoid placing two Heavy pages back to back.
Hispanic,Winter,11,Hispanic Winter 11,Quote page,TPL-03,Quote Page Framed Border,Snow and light motif.,"snow, quilts, lamps, cocoa, candles, indoor calm",Light,affirmation text with seasonal border,Use 3 of TPL-03 in this book — change the border family and quote placement: full frame vs two-corner vs top-and-bottom band.,Template selected from page type and scene content. Use the detail load column to avoid placing two Heavy pages back to back.
Hispanic,Winter,12,Hispanic Winter 12,Symbol page,TPL-05,Symbol Cluster Page,"Stars, candles, mittens, and hearts.","snow, quilts, lamps, cocoa, candles, indoor calm",Medium,"motif cluster, no scene",,Template selected from page type and scene content. Use the detail load column to avoid placing two Heavy pages back to back.
Hispanic,Winter,13,Hispanic Winter 13,Decorative page,TPL-10,Decorative Border & Pattern Page,"Quilts, mugs, lanterns, and winter shapes.","snow, quilts, lamps, cocoa, candles, indoor calm",Medium,"border and pattern composition, no scene",,Template selected from page type and scene content. Use the detail load column to avoid placing two Heavy pages back to back.
Hispanic,Winter,14,Hispanic Winter 14,Environment page,TPL-04,Healing Room Interior,Cozy bedroom retreat with layered blankets.,"snow, quilts, lamps, cocoa, candles, indoor calm",Heavy,"interior room, no people",,Template selected from page type and scene content. Use the detail load column to avoid placing two Heavy pages back to back.
Hispanic,Winter,15,Hispanic Winter 15,Environment page,TPL-04,Healing Room Interior,Quiet living room with books and warm drinks.,"snow, quilts, lamps, cocoa, candles, indoor calm",Heavy,"interior room, no people","Use 2 of TPL-04 in this book — change the room and anchor furniture: bed vs armchair vs table, and move the light source.",Template selected from page type and scene content. Use the detail load column to avoid placing two Heavy pages back to back.
Multiracial,Spring,01,Multiracial Spring 01,Solo portrait,TPL-01,Solo Portrait Calm Scene,Multiracial woman journaling near blooming plants.,"flowers, rain, fresh air, journals, new beginnings",Medium,"single focal figure with props, no window and no path",,Template selected from page type and scene content. Use the detail load column to avoid placing two Heavy pages back to back.
Multiracial,Spring,02,Multiracial Spring 02,Solo portrait,TPL-06,Walking Reflection Scene,Multiracial man walking at sunrise in a city park.,"flowers, rain, fresh air, journals, new beginnings",Light-Medium,"outdoor figure on a path, trail, or shoreline",,Template selected from page type and scene content. Use the detail load column to avoid placing two Heavy pages back to back.
Multiracial,Spring,03,Multiracial Spring 03,Solo portrait,TPL-08,Window + Journal Reflection,Young adult doing breathwork by an open window.,"flowers, rain, fresh air, journals, new beginnings",Medium,indoor figure with a window or outside view,,Template selected from page type and scene content. Use the detail load column to avoid placing two Heavy pages back to back.
Multiracial,Spring,04,Multiracial Spring 04,Solo portrait,TPL-01,Solo Portrait Calm Scene,Person wrapped in blanket practicing self-kindness.,"flowers, rain, fresh air, journals, new beginnings",Medium,"single focal figure with props, no window and no path","Use 2 of TPL-01 in this book — change the viewpoint and prop cluster: seated vs standing, three-quarter vs frontal, and a different anchor object.",Template selected from page type and scene content. Use the detail load column to avoid placing two Heavy pages back to back.
Multiracial,Spring,05,Multiracial Spring 05,Community scene,TPL-02,Support Circle Scene,Diverse support circle in community setting.,"flowers, rain, fresh air, journals, new beginnings",Heavy,group of four or more around a shared focal interaction,,Template selected from page type and scene content. Use the detail load column to avoid placing two Heavy pages back to back.
Multiracial,Spring,06,Multiracial Spring 06,Community scene,TPL-02,Support Circle Scene,Blended family planting flowers together.,"flowers, rain, fresh air, journals, new beginnings",Heavy,group of four or more around a shared focal interaction,"Use 2 of TPL-02 in this book — change the seating geometry and eye level: open horseshoe vs closed ring, standing vs seated, and a different room or landscape anchor.",Template selected from page type and scene content. Use the detail load column to avoid placing two Heavy pages back to back.
Multiracial,Spring,07,Multiracial Spring 07,Community scene,TPL-07,Pair Conversation Scene,Two friends of different backgrounds sharing encouragement.,"flowers, rain, fresh air, journals, new beginnings",Medium,two to three figures in close interaction,,Template selected from page type and scene content. Use the detail load column to avoid placing two Heavy pages back to back.
Multiracial,Spring,08,Multiracial Spring 08,Community scene,TPL-07,Pair Conversation Scene,Mentor and participant leaving a healing workshop.,"flowers, rain, fresh air, journals, new beginnings",Medium,two to three figures in close interaction,"Use 2 of TPL-07 in this book — change the arrangement: side by side vs facing, seated vs walking, and a different shared object.",Template selected from page type and scene content. Use the detail load column to avoid placing two Heavy pages back to back.
Multiracial,Spring,09,Multiracial Spring 09,Quote page,TPL-03,Quote Page Framed Border,Butterflies and floral border.,"flowers, rain, fresh air, journals, new beginnings",Light,affirmation text with seasonal border,,Template selected from page type and scene content. Use the detail load column to avoid placing two Heavy pages back to back.
Multiracial,Spring,10,Multiracial Spring 10,Quote page,TPL-03,Quote Page Framed Border,Hands and garden accents.,"flowers, rain, fresh air, journals, new beginnings",Light,affirmation text with seasonal border,Use 2 of TPL-03 in this book — change the border family and quote placement: full frame vs two-corner vs top-and-bottom band.,Template selected from page type and scene content. Use the detail load column to avoid placing two Heavy pages back to back.
Multiracial,Spring,11,Multiracial Spring 11,Quote page,TPL-03,Quote Page Framed Border,Soft sky and open space.,"flowers, rain, fresh air, journals, new beginnings",Light,affirmation text with seasonal border,Use 3 of TPL-03 in this book — change the border family and quote placement: full frame vs two-corner vs top-and-bottom band.,Template selected from page type and scene content. Use the detail load column to avoid placing two Heavy pages back to back.
Multiracial,Spring,12,Multiracial Spring 12,Symbol page,TPL-05,Symbol Cluster Page,"Butterflies, hands, hearts, and flowers.","flowers, rain, fresh air, journals, new beginnings",Medium,"motif cluster, no scene",,Template selected from page type and scene content. Use the detail load column to avoid placing two Heavy pages back to back.
Multiracial,Spring,13,Multiracial Spring 13,Decorative page,TPL-10,Decorative Border & Pattern Page,"Journals, rain boots, and spring border.","flowers, rain, fresh air, journals, new beginnings",Medium,"border and pattern composition, no scene",,Template selected from page type and scene content. Use the detail load column to avoid placing two Heavy pages back to back.
Multiracial,Spring,14,Multiracial Spring 14,Environment page,TPL-04,Healing Room Interior,Apartment sanctuary with plants and soft textures.,"flowers, rain, fresh air, journals, new beginnings",Heavy,"interior room, no people",,Template selected from page type and scene content. Use the detail load column to avoid placing two Heavy pages back to back.
Multiracial,Spring,15,Multiracial Spring 15,Environment page,TPL-04,Healing Room Interior,"Wellness room with chairs, art, and calm details.","flowers, rain, fresh air, journals, new beginnings",Heavy,"interior room, no people","Use 2 of TPL-04 in this book — change the room and anchor furniture: bed vs armchair vs table, and move the light source.",Template selected from page type and scene content. Use the detail load column to avoid placing two Heavy pages back to back.
Multiracial,Summer,01,Multiracial Summer 01,Solo portrait,TPL-01,Solo Portrait Calm Scene,Person meditating under a tree.,"sunlight, porches, gardens, walking paths, community warmth",Medium,"single focal figure with props, no window and no path",,Template selected from page type and scene content. Use the detail load column to avoid placing two Heavy pages back to back.
Multiracial,Summer,02,Multiracial Summer 02,Solo portrait,TPL-06,Walking Reflection Scene,Person by water reflecting in sunlight.,"sunlight, porches, gardens, walking paths, community warmth",Light-Medium,"outdoor figure on a path, trail, or shoreline",,Template selected from page type and scene content. Use the detail load column to avoid placing two Heavy pages back to back.
Multiracial,Summer,03,Multiracial Summer 03,Solo portrait,TPL-01,Solo Portrait Calm Scene,Young adult stretching on rooftop or lawn.,"sunlight, porches, gardens, walking paths, community warmth",Medium,"single focal figure with props, no window and no path","Use 2 of TPL-01 in this book — change the viewpoint and prop cluster: seated vs standing, three-quarter vs frontal, and a different anchor object.",Template selected from page type and scene content. Use the detail load column to avoid placing two Heavy pages back to back.
Multiracial,Summer,04,Multiracial Summer 04,Solo portrait,TPL-01,Solo Portrait Calm Scene,Person sipping lemonade on a stoop or balcony.,"sunlight, porches, gardens, walking paths, community warmth",Medium,"single focal figure with props, no window and no path","Use 3 of TPL-01 in this book — change the viewpoint and prop cluster: seated vs standing, three-quarter vs frontal, and a different anchor object.",Template selected from page type and scene content. Use the detail load column to avoid placing two Heavy pages back to back.
Multiracial,Summer,05,Multiracial Summer 05,Community scene,TPL-02,Support Circle Scene,Diverse outdoor support group.,"sunlight, porches, gardens, walking paths, community warmth",Heavy,group of four or more around a shared focal interaction,,Template selected from page type and scene content. Use the detail load column to avoid placing two Heavy pages back to back.
Multiracial,Summer,06,Multiracial Summer 06,Community scene,TPL-02,Support Circle Scene,Blended family picnic scene.,"sunlight, porches, gardens, walking paths, community warmth",Heavy,group of four or more around a shared focal interaction,"Use 2 of TPL-02 in this book — change the seating geometry and eye level: open horseshoe vs closed ring, standing vs seated, and a different room or landscape anchor.",Template selected from page type and scene content. Use the detail load column to avoid placing two Heavy pages back to back.
Multiracial,Summer,07,Multiracial Summer 07,Community scene,TPL-07,Pair Conversation Scene,Friends walking together after group.,"sunlight, porches, gardens, walking paths, community warmth",Medium,two to three figures in close interaction,,Template selected from page type and scene content. Use the detail load column to avoid placing two Heavy pages back to back.
Multiracial,Summer,08,Multiracial Summer 08,Community scene,TPL-07,Pair Conversation Scene,Peer-support conversation on a city bench.,"sunlight, porches, gardens, walking paths, community warmth",Medium,two to three figures in close interaction,"Use 2 of TPL-07 in this book — change the arrangement: side by side vs facing, seated vs walking, and a different shared object.",Template selected from page type and scene content. Use the detail load column to avoid placing two Heavy pages back to back.
Multiracial,Summer,09,Multiracial Summer 09,Quote page,TPL-03,Quote Page Framed Border,Freedom and peace motif.,"sunlight, porches, gardens, walking paths, community warmth",Light,affirmation text with seasonal border,,Template selected from page type and scene content. Use the detail load column to avoid placing two Heavy pages back to back.
Multiracial,Summer,10,Multiracial Summer 10,Quote page,TPL-03,Quote Page Framed Border,Sun and bright accents.,"sunlight, porches, gardens, walking paths, community warmth",Light,affirmation text with seasonal border,Use 2 of TPL-03 in this book — change the border family and quote placement: full frame vs two-corner vs top-and-bottom band.,Template selected from page type and scene content. Use the detail load column to avoid placing two Heavy pages back to back.
Multiracial,Summer,11,Multiracial Summer 11,Quote page,TPL-03,Quote Page Framed Border,Open sky and bold text space.,"sunlight, porches, gardens, walking paths, community warmth",Light,affirmation text with seasonal border,Use 3 of TPL-03 in this book — change the border family and quote placement: full frame vs two-corner vs top-and-bottom band.,Template selected from page type and scene content. Use the detail load column to avoid placing two Heavy pages back to back.
Multiracial,Summer,12,Multiracial Summer 12,Symbol page,TPL-05,Symbol Cluster Page,"Suns, flowers, waves, and hearts.","sunlight, porches, gardens, walking paths, community warmth",Medium,"motif cluster, no scene",,Template selected from page type and scene content. Use the detail load column to avoid placing two Heavy pages back to back.
Multiracial,Summer,13,Multiracial Summer 13,Decorative page,TPL-10,Decorative Border & Pattern Page,"Sandals, fruit, and notebooks.","sunlight, porches, gardens, walking paths, community warmth",Medium,"border and pattern composition, no scene",,Template selected from page type and scene content. Use the detail load column to avoid placing two Heavy pages back to back.
Multiracial,Summer,14,Multiracial Summer 14,Environment page,TPL-09,Outdoor Sanctuary,Backyard or balcony healing corner.,"sunlight, porches, gardens, walking paths, community warmth",Heavy,"outdoor retreat space, no people",,Template selected from page type and scene content. Use the detail load column to avoid placing two Heavy pages back to back.
Multiracial,Summer,15,Multiracial Summer 15,Environment page,TPL-09,Outdoor Sanctuary,Urban garden community scene.,"sunlight, porches, gardens, walking paths, community warmth",Heavy,"outdoor retreat space, no people","Use 2 of TPL-09 in this book — change the built anchor: bench vs table vs planter bed, and the enclosure edge.",Template selected from page type and scene content. Use the detail load column to avoid placing two Heavy pages back to back.
Multiracial,Fall,01,Multiracial Fall 01,Solo portrait,TPL-08,Window + Journal Reflection,Person journaling with leaves outside window.,"leaves, tea, blankets, candles, gratitude, release",Medium,indoor figure with a window or outside view,,Template selected from page type and scene content. Use the detail load column to avoid placing two Heavy pages back to back.
Multiracial,Fall,02,Multiracial Fall 02,Solo portrait,TPL-06,Walking Reflection Scene,Person holding tea during a reflective walk.,"leaves, tea, blankets, candles, gratitude, release",Light-Medium,"outdoor figure on a path, trail, or shoreline",,Template selected from page type and scene content. Use the detail load column to avoid placing two Heavy pages back to back.
Multiracial,Fall,03,Multiracial Fall 03,Solo portrait,TPL-01,Solo Portrait Calm Scene,Young adult curled in chair with calming book.,"leaves, tea, blankets, candles, gratitude, release",Medium,"single focal figure with props, no window and no path",,Template selected from page type and scene content. Use the detail load column to avoid placing two Heavy pages back to back.
Multiracial,Fall,04,Multiracial Fall 04,Solo portrait,TPL-01,Solo Portrait Calm Scene,Person doing evening reflection by candlelight.,"leaves, tea, blankets, candles, gratitude, release",Medium,"single focal figure with props, no window and no path","Use 2 of TPL-01 in this book — change the viewpoint and prop cluster: seated vs standing, three-quarter vs frontal, and a different anchor object.",Template selected from page type and scene content. Use the detail load column to avoid placing two Heavy pages back to back.
Multiracial,Fall,05,Multiracial Fall 05,Community scene,TPL-02,Support Circle Scene,Support group in warm-toned room.,"leaves, tea, blankets, candles, gratitude, release",Heavy,group of four or more around a shared focal interaction,,Template selected from page type and scene content. Use the detail load column to avoid placing two Heavy pages back to back.
Multiracial,Fall,06,Multiracial Fall 06,Community scene,TPL-02,Support Circle Scene,Blended family cooking together peacefully.,"leaves, tea, blankets, candles, gratitude, release",Heavy,group of four or more around a shared focal interaction,"Use 2 of TPL-02 in this book — change the seating geometry and eye level: open horseshoe vs closed ring, standing vs seated, and a different room or landscape anchor.",Template selected from page type and scene content. Use the detail load column to avoid placing two Heavy pages back to back.
Multiracial,Fall,07,Multiracial Fall 07,Community scene,TPL-07,Pair Conversation Scene,Close friends sharing gratitude notes.,"leaves, tea, blankets, candles, gratitude, release",Medium,two to three figures in close interaction,,Template selected from page type and scene content. Use the detail load column to avoid placing two Heavy pages back to back.
Multiracial,Fall,08,Multiracial Fall 08,Community scene,TPL-07,Pair Conversation Scene,Therapist-like or peer-support check-in scene.,"leaves, tea, blankets, candles, gratitude, release",Medium,two to three figures in close interaction,"Use 2 of TPL-07 in this book — change the arrangement: side by side vs facing, seated vs walking, and a different shared object.",Template selected from page type and scene content. Use the detail load column to avoid placing two Heavy pages back to back.
Multiracial,Fall,09,Multiracial Fall 09,Quote page,TPL-03,Quote Page Framed Border,Release and growth motif.,"leaves, tea, blankets, candles, gratitude, release",Light,affirmation text with seasonal border,,Template selected from page type and scene content. Use the detail load column to avoid placing two Heavy pages back to back.
Multiracial,Fall,10,Multiracial Fall 10,Quote page,TPL-03,Quote Page Framed Border,Soft blanket and tea accents.,"leaves, tea, blankets, candles, gratitude, release",Light,affirmation text with seasonal border,Use 2 of TPL-03 in this book — change the border family and quote placement: full frame vs two-corner vs top-and-bottom band.,Template selected from page type and scene content. Use the detail load column to avoid placing two Heavy pages back to back.
Multiracial,Fall,11,Multiracial Fall 11,Quote page,TPL-03,Quote Page Framed Border,Change and worth theme.,"leaves, tea, blankets, candles, gratitude, release",Light,affirmation text with seasonal border,Use 3 of TPL-03 in this book — change the border family and quote placement: full frame vs two-corner vs top-and-bottom band.,Template selected from page type and scene content. Use the detail load column to avoid placing two Heavy pages back to back.
Multiracial,Fall,12,Multiracial Fall 12,Symbol page,TPL-05,Symbol Cluster Page,"Leaves, candles, journals, and hearts.","leaves, tea, blankets, candles, gratitude, release",Medium,"motif cluster, no scene",,Template selected from page type and scene content. Use the detail load column to avoid placing two Heavy pages back to back.
Multiracial,Fall,13,Multiracial Fall 13,Decorative page,TPL-10,Decorative Border & Pattern Page,"Sweaters, mugs, and harvest details.","leaves, tea, blankets, candles, gratitude, release",Medium,"border and pattern composition, no scene",,Template selected from page type and scene content. Use the detail load column to avoid placing two Heavy pages back to back.
Multiracial,Fall,14,Multiracial Fall 14,Environment page,TPL-04,Healing Room Interior,Window seat sanctuary with blanket and plants.,"leaves, tea, blankets, candles, gratitude, release",Heavy,"interior room, no people",,Template selected from page type and scene content. Use the detail load column to avoid placing two Heavy pages back to back.
Multiracial,Fall,15,Multiracial Fall 15,Environment page,TPL-04,Healing Room Interior,Peaceful kitchen or dining table scene.,"leaves, tea, blankets, candles, gratitude, release",Heavy,"interior room, no people","Use 2 of TPL-04 in this book — change the room and anchor furniture: bed vs armchair vs table, and move the light source.",Template selected from page type and scene content. Use the detail load column to avoid placing two Heavy pages back to back.
Multiracial,Winter,01,Multiracial Winter 01,Solo portrait,TPL-08,Window + Journal Reflection,Person journaling with snow outside.,"snow, quilts, lamps, cocoa, candles, indoor calm",Medium,indoor figure with a window or outside view,,Template selected from page type and scene content. Use the detail load column to avoid placing two Heavy pages back to back.
Multiracial,Winter,02,Multiracial Winter 02,Solo portrait,TPL-06,Walking Reflection Scene,Person walking in quiet winter light.,"snow, quilts, lamps, cocoa, candles, indoor calm",Light-Medium,"outdoor figure on a path, trail, or shoreline",,Template selected from page type and scene content. Use the detail load column to avoid placing two Heavy pages back to back.
Multiracial,Winter,03,Multiracial Winter 03,Solo portrait,TPL-01,Solo Portrait Calm Scene,Young adult coloring under a blanket.,"snow, quilts, lamps, cocoa, candles, indoor calm",Medium,"single focal figure with props, no window and no path",,Template selected from page type and scene content. Use the detail load column to avoid placing two Heavy pages back to back.
Multiracial,Winter,04,Multiracial Winter 04,Solo portrait,TPL-01,Solo Portrait Calm Scene,Person holding warm drink in soft lamplight.,"snow, quilts, lamps, cocoa, candles, indoor calm",Medium,"single focal figure with props, no window and no path","Use 2 of TPL-01 in this book — change the viewpoint and prop cluster: seated vs standing, three-quarter vs frontal, and a different anchor object.",Template selected from page type and scene content. Use the detail load column to avoid placing two Heavy pages back to back.
Multiracial,Winter,05,Multiracial Winter 05,Community scene,TPL-02,Support Circle Scene,Diverse indoor support circle.,"snow, quilts, lamps, cocoa, candles, indoor calm",Heavy,group of four or more around a shared focal interaction,,Template selected from page type and scene content. Use the detail load column to avoid placing two Heavy pages back to back.
Multiracial,Winter,06,Multiracial Winter 06,Community scene,TPL-02,Support Circle Scene,Blended family exchanging kind notes.,"snow, quilts, lamps, cocoa, candles, indoor calm",Heavy,group of four or more around a shared focal interaction,"Use 2 of TPL-02 in this book — change the seating geometry and eye level: open horseshoe vs closed ring, standing vs seated, and a different room or landscape anchor.",Template selected from page type and scene content. Use the detail load column to avoid placing two Heavy pages back to back.
Multiracial,Winter,07,Multiracial Winter 07,Community scene,TPL-07,Pair Conversation Scene,Couple or friends watching snowfall in peace.,"snow, quilts, lamps, cocoa, candles, indoor calm",Medium,two to three figures in close interaction,,Template selected from page type and scene content. Use the detail load column to avoid placing two Heavy pages back to back.
Multiracial,Winter,08,Multiracial Winter 08,Community scene,TPL-07,Pair Conversation Scene,Check-in call or visit scene with emotional support.,"snow, quilts, lamps, cocoa, candles, indoor calm",Medium,two to three figures in close interaction,"Use 2 of TPL-07 in this book — change the arrangement: side by side vs facing, seated vs walking, and a different shared object.",Template selected from page type and scene content. Use the detail load column to avoid placing two Heavy pages back to back.
Multiracial,Winter,09,Multiracial Winter 09,Quote page,TPL-03,Quote Page Framed Border,Warmth and light motif.,"snow, quilts, lamps, cocoa, candles, indoor calm",Light,affirmation text with seasonal border,,Template selected from page type and scene content. Use the detail load column to avoid placing two Heavy pages back to back.
Multiracial,Winter,10,Multiracial Winter 10,Quote page,TPL-03,Quote Page Framed Border,Quiet strength border.,"snow, quilts, lamps, cocoa, candles, indoor calm",Light,affirmation text with seasonal border,Use 2 of TPL-03 in this book — change the border family and quote placement: full frame vs two-corner vs top-and-bottom band.,Template selected from page type and scene content. Use the detail load column to avoid placing two Heavy pages back to back.
Multiracial,Winter,11,Multiracial Winter 11,Quote page,TPL-03,Quote Page Framed Border,Winter calm and bold lettering.,"snow, quilts, lamps, cocoa, candles, indoor calm",Light,affirmation text with seasonal border,Use 3 of TPL-03 in this book — change the border family and quote placement: full frame vs two-corner vs top-and-bottom band.,Template selected from page type and scene content. Use the detail load column to avoid placing two Heavy pages back to back.
Multiracial,Winter,12,Multiracial Winter 12,Symbol page,TPL-05,Symbol Cluster Page,"Stars, candles, mittens, and hearts.","snow, quilts, lamps, cocoa, candles, indoor calm",Medium,"motif cluster, no scene",,Template selected from page type and scene content. Use the detail load column to avoid placing two Heavy pages back to back.
Multiracial,Winter,13,Multiracial Winter 13,Decorative page,TPL-10,Decorative Border & Pattern Page,"Snowflakes, books, mugs, and quilts.","snow, quilts, lamps, cocoa, candles, indoor calm",Medium,"border and pattern composition, no scene",,Template selected from page type and scene content. Use the detail load column to avoid placing two Heavy pages back to back.
Multiracial,Winter,14,Multiracial Winter 14,Environment page,TPL-04,Healing Room Interior,Cozy living room with layered textures.,"snow, quilts, lamps, cocoa, candles, indoor calm",Heavy,"interior room, no people",,Template selected from page type and scene content. Use the detail load column to avoid placing two Heavy pages back to back.
Multiracial,Winter,15,Multiracial Winter 15,Environment page,TPL-04,Healing Room Interior,Bedroom or meditation corner with winter calm.,"snow, quilts, lamps, cocoa, candles, indoor calm",Heavy,"interior room, no people","Use 2 of TPL-04 in this book — change the room and anchor furniture: bed vs armchair vs table, and move the light source.",Template selected from page type and scene content. Use the detail load column to avoid placing two Heavy pages back to back.
