ethnicity line,season,product id,title,keywords,description
Hispanic,Spring,Hispanic Spring,Healing seasonal coloring book for Hispanic adults,healing coloring pages recovery wellness,"Hispanic recovery coloring book, printable healing art pages, seasonal self-care illustrations"
Hispanic,Spring,Hispanic Spring,Spring renewal coloring pages for Hispanic recovery,spring healing art journaling calm,"Seasonal recovery coloring pages with flowers, hope, and reflective scenes"
Hispanic,Spring,Hispanic Spring,Recovery and mindfulness coloring workbook for Hispanic adults,mindfulness coloring workbook therapeutic art,"Calming adult coloring pages designed for reflection, rest, and emotional recovery"
Hispanic,Spring,Hispanic Spring,Hispanic self-care coloring pages for spring,self care art pages printable wellness,"A culturally inclusive coloring book centered on peace, growth, and renewal"
Hispanic,Summer,Hispanic Summer,Healing summer coloring book for Hispanic adults,summer wellness coloring pages healing,"Bright, peaceful seasonal coloring pages for recovery, joy, and self-discovery"
Hispanic,Summer,Hispanic Summer,Hispanic self-care and recovery coloring pages,recovery art pages printable adult coloring,"Supportive illustrations for mindfulness, rest, and daily encouragement"
Hispanic,Summer,Hispanic Summer,Culturally inclusive coloring pages for summer healing,seasonal healing workbook reflection,A warm seasonal collection featuring everyday wellness scenes and affirmations
Hispanic,Summer,Hispanic Summer,Hispanic mindful coloring book summer edition,mindfulness pages seasonal recovery,"A calm, uplifting coloring set for adults seeking a creative reset"
Hispanic,Fall,Hispanic Fall,Hispanic fall healing coloring book,fall recovery coloring pages gratitude,Autumn-themed printable art pages with reflective moments and cozy settings
Hispanic,Fall,Hispanic Fall,Hispanic recovery coloring workbook for adults,therapeutic coloring pages self care,"Designed for quiet reflection, gratitude, and emotional grounding"
Hispanic,Fall,Hispanic Fall,Seasonal wellness coloring pages for Hispanic adults,adult coloring workbook healing art,"A warm, culturally aware set of fall scenes and affirmation pages"
Hispanic,Fall,Hispanic Fall,Healing through art coloring pages fall edition,mindfulness coloring pages autumn,"A restorative coloring collection built around rest, release, and renewal"
Hispanic,Winter,Hispanic Winter,Hispanic winter healing coloring book,winter self care coloring pages,"Peaceful seasonal pages focused on comfort, hope, and inner calm"
Hispanic,Winter,Hispanic Winter,Hispanic adult coloring book for recovery and reflection,reflection coloring pages therapeutic,A gentle winter collection for quiet moments and emotional support
Hispanic,Winter,Hispanic Winter,Culturally inclusive winter wellness coloring pages,calming adult coloring pages,A soothing set of winter illustrations for adults who want a mindful creative outlet
Hispanic,Winter,Hispanic Winter,Hispanic self-care coloring workbook winter edition,healing art pages printable,"Uplifting line art with candles, blankets, journals, and peaceful winter scenes"
Multiracial,Spring,Multiracial Spring,Healing seasonal coloring book for multiracial adults,healing coloring pages recovery wellness,"Multiracial recovery coloring book, printable healing art pages, seasonal self-care illustrations"
Multiracial,Spring,Multiracial Spring,Spring renewal coloring pages for multiracial recovery,spring healing art journaling calm,"Seasonal recovery coloring pages with flowers, hope, and reflective scenes"
Multiracial,Spring,Multiracial Spring,Recovery and mindfulness coloring workbook for multiracial adults,mindfulness coloring workbook therapeutic art,"Calming adult coloring pages designed for reflection, rest, and emotional recovery"
Multiracial,Spring,Multiracial Spring,Multiracial self-care coloring pages for spring,self care art pages printable wellness,"A culturally inclusive coloring book centered on peace, growth, and renewal"
Multiracial,Summer,Multiracial Summer,Healing summer coloring book for multiracial adults,summer wellness coloring pages healing,"Bright, peaceful seasonal coloring pages for recovery, joy, and self-discovery"
Multiracial,Summer,Multiracial Summer,Multiracial self-care and recovery coloring pages,recovery art pages printable adult coloring,"Supportive illustrations for mindfulness, rest, and daily encouragement"
Multiracial,Summer,Multiracial Summer,Culturally inclusive coloring pages for summer healing,seasonal healing workbook reflection,A warm seasonal collection featuring everyday wellness scenes and affirmations
Multiracial,Summer,Multiracial Summer,Multiracial mindful coloring book summer edition,mindfulness pages seasonal recovery,"A calm, uplifting coloring set for adults seeking a creative reset"
Multiracial,Fall,Multiracial Fall,Multiracial fall healing coloring book,fall recovery coloring pages gratitude,Autumn-themed printable art pages with reflective moments and cozy settings
Multiracial,Fall,Multiracial Fall,Multiracial recovery coloring workbook for adults,therapeutic coloring pages self care,"Designed for quiet reflection, gratitude, and emotional grounding"
Multiracial,Fall,Multiracial Fall,Seasonal wellness coloring pages for multiracial adults,adult coloring workbook healing art,"A warm, culturally aware set of fall scenes and affirmation pages"
Multiracial,Fall,Multiracial Fall,Healing through art coloring pages fall edition,mindfulness coloring pages autumn,"A restorative coloring collection built around rest, release, and renewal"
Multiracial,Winter,Multiracial Winter,Multiracial winter healing coloring book,winter self care coloring pages,"Peaceful seasonal pages focused on comfort, hope, and inner calm"
Multiracial,Winter,Multiracial Winter,Multiracial adult coloring book for recovery and reflection,reflection coloring pages therapeutic,A gentle winter collection for quiet moments and emotional support
Multiracial,Winter,Multiracial Winter,Culturally inclusive winter wellness coloring pages,calming adult coloring pages,A soothing set of winter illustrations for adults who want a mindful creative outlet
Multiracial,Winter,Multiracial Winter,Multiracial self-care coloring workbook winter edition,healing art pages printable,"Uplifting line art with candles, blankets, journals, and peaceful winter scenes"
