title,ethnicity line,season,page type,prompt notes,quote text,commercial priority
African American Spring 01,African American,Spring,Solo portrait,Woman journaling by a rainy window with plants.,,High
African American Spring 02,African American,Spring,Solo portrait,Man walking at sunrise in a neighborhood park.,,Medium
African American Spring 03,African American,Spring,Solo portrait,Young adult with natural hair doing breathing exercises.,,High
African American Spring 04,African American,Spring,Solo portrait,Woman wrapped in blanket holding tea and affirmations.,,High
African American Spring 05,African American,Spring,Community scene,Small recovery circle in a community room.,,High
African American Spring 06,African American,Spring,Community scene,Mother and adult daughter planting flowers together.,,Medium
African American Spring 07,African American,Spring,Community scene,Friends on a porch sharing encouragement.,,Medium
African American Spring 08,African American,Spring,Community scene,Mentor and newcomer talking after a meeting.,,High
African American Spring 09,African American,Spring,Quote page,Floral border with spring blossoms.,Healing one day at a time.,High
African American Spring 10,African American,Spring,Quote page,Butterflies and soft garden accents.,I am allowed to begin again.,High
African American Spring 11,African American,Spring,Quote page,"Rain, blossoms, and soft linework.",Peace grows here.,Medium
African American Spring 12,African American,Spring,Symbol page,"Braids, flowers, hearts, doves, and healing motifs.",,Medium
African American Spring 13,African American,Spring,Decorative page,"Spring wreath, coffee mug, journal, and soft border shapes.",,Medium
African American Spring 14,African American,Spring,Environment page,"Cozy bedroom sanctuary with books, candles, and plants.",,High
African American Spring 15,African American,Spring,Environment page,Church fellowship hall or wellness room set for support.,,Medium
African American Summer 01,African American,Summer,Solo portrait,Woman sitting under a tree with a recovery journal.,,High
African American Summer 02,African American,Summer,Solo portrait,Man at a lakefront dock reflecting peacefully.,,Medium
African American Summer 03,African American,Summer,Solo portrait,Young adult stretching in morning sunlight.,,High
African American Summer 04,African American,Summer,Solo portrait,Woman smiling on a porch swing with tea.,,Medium
African American Summer 05,African American,Summer,Community scene,Outdoor support group in a park.,,High
African American Summer 06,African American,Summer,Community scene,Family picnic centered on peace and connection.,,High
African American Summer 07,African American,Summer,Community scene,Two friends walking a neighborhood trail.,,Medium
African American Summer 08,African American,Summer,Community scene,Barber shop or beauty shop encouragement scene.,,Medium
African American Summer 09,African American,Summer,Quote page,Sunflowers and bright summer accents.,Joy is part of healing.,High
African American Summer 10,African American,Summer,Quote page,Bold sun-themed border.,I choose freedom today.,High
African American Summer 11,African American,Summer,Quote page,Warm rays and open space.,My future is brighter than my past.,High
African American Summer 12,African American,Summer,Symbol page,"Sunflowers, sandals, lemonade, hearts, and rays.",,Medium
African American Summer 13,African American,Summer,Decorative page,"Porch, fans, flowers, and radiant lines.",,Medium
African American Summer 14,African American,Summer,Environment page,Backyard safe-space patio with string lights.,,Medium
African American Summer 15,African American,Summer,Environment page,Summer community garden scene.,,High
African American Fall 01,African American,Fall,Solo portrait,Woman in sweater journaling with falling leaves outside.,,High
African American Fall 02,African American,Fall,Solo portrait,Man holding coffee on a quiet morning walk.,,Medium
African American Fall 03,African American,Fall,Solo portrait,Young adult resting on a couch with soft blanket.,,High
African American Fall 04,African American,Fall,Solo portrait,Woman lighting a candle beside a gratitude notebook.,,High
African American Fall 05,African American,Fall,Community scene,Small indoor support circle with warm décor.,,High
African American Fall 06,African American,Fall,Community scene,Parent and teen baking together in recovery home.,,Medium
African American Fall 07,African American,Fall,Community scene,Siblings reconnecting at a kitchen table.,,Medium
African American Fall 08,African American,Fall,Community scene,Sponsor-style conversation on a park bench.,,High
African American Fall 09,African American,Fall,Quote page,Autumn leaves and warm texture.,Let go and grow.,High
African American Fall 10,African American,Fall,Quote page,Coffee mug and soft knit accents.,Rest is recovery too.,High
African American Fall 11,African American,Fall,Quote page,Leaves and open space.,My story is still unfolding.,High
African American Fall 12,African American,Fall,Symbol page,"Leaves, pumpkins, journals, and faith symbols.",,Medium
African American Fall 13,African American,Fall,Decorative page,"Plaid patterns, leaves, candles, and harvest shapes.",,Medium
African American Fall 14,African American,Fall,Environment page,Reading nook sanctuary with blanket and books.,,High
African American Fall 15,African American,Fall,Environment page,"Calm kitchen table scene with pie, tea, and peace.",,Medium
African American Winter 01,African American,Winter,Solo portrait,Woman at a window with snowfall and prayer journal.,,High
African American Winter 02,African American,Winter,Solo portrait,Man in knit cap walking through peaceful winter air.,,Medium
African American Winter 03,African American,Winter,Solo portrait,Young adult coloring beside candles and blanket.,,High
African American Winter 04,African American,Winter,Solo portrait,Woman holding cocoa and reflecting by a lamp.,,High
African American Winter 05,African American,Winter,Community scene,Indoor support group with holiday-neutral warmth.,,High
African American Winter 06,African American,Winter,Community scene,Grandmother and adult grandchild sharing quiet encouragement.,,Medium
African American Winter 07,African American,Winter,Community scene,Couple healing together through conversation.,,Medium
African American Winter 08,African American,Winter,Community scene,Friend dropping off soup and support.,,High
African American Winter 09,African American,Winter,Quote page,Snowflake border and candle glow.,Hope lives here.,High
African American Winter 10,African American,Winter,Quote page,Winter window and soft blanket accents.,I can be gentle with myself.,High
African American Winter 11,African American,Winter,Quote page,Candle and light motif.,Light returns.,High
African American Winter 12,African American,Winter,Symbol page,"Mittens, candles, doves, hearts, and stars.",,Medium
African American Winter 13,African American,Winter,Decorative page,"Quilts, ornaments, stars, and calm lines.",,Medium
African American Winter 14,African American,Winter,Environment page,Bedroom retreat with soft lamp and heavy comforter.,,High
African American Winter 15,African American,Winter,Environment page,Peaceful living room with tea table and books.,,Medium
Hispanic Spring 01,Hispanic,Spring,Solo portrait,Latina woman journaling near flowers and open curtains.,,High
Hispanic Spring 02,Hispanic,Spring,Solo portrait,Latino man walking after dawn with peaceful expression.,,Medium
Hispanic Spring 03,Hispanic,Spring,Solo portrait,Young adult doing grounding exercise on patio.,,High
Hispanic Spring 04,Hispanic,Spring,Solo portrait,Woman with tea and blanket embracing rest.,,High
Hispanic Spring 05,Hispanic,Spring,Community scene,Small support circle in a bright community room.,,High
Hispanic Spring 06,Hispanic,Spring,Community scene,Mother and daughter tending a garden together.,,Medium
Hispanic Spring 07,Hispanic,Spring,Community scene,Family sharing breakfast with a calm home feeling.,,Medium
Hispanic Spring 08,Hispanic,Spring,Community scene,Two friends talking after a wellness group.,,High
Hispanic Spring 09,Hispanic,Spring,Quote page,Floral border.,Un día a la vez.,High
Hispanic Spring 10,Hispanic,Spring,Quote page,Butterflies and soft garden accents.,Estoy creciendo con esperanza.,High
Hispanic Spring 11,Hispanic,Spring,Quote page,"Rain, blossoms, and soft linework.",Mi paz importa.,Medium
Hispanic Spring 12,Hispanic,Spring,Symbol page,"Flowers, hummingbirds, hearts, and sun motifs.",,Medium
Hispanic Spring 13,Hispanic,Spring,Decorative page,"Journal, tiled accents, and spring border.",,Medium
Hispanic Spring 14,Hispanic,Spring,Environment page,Calm bedroom with woven blanket and plants.,,High
Hispanic Spring 15,Hispanic,Spring,Environment page,Courtyard or patio sanctuary scene.,,Medium
Hispanic Summer 01,Hispanic,Summer,Solo portrait,Woman resting in sunlight with sketchbook.,,High
Hispanic Summer 02,Hispanic,Summer,Solo portrait,Man on beachside boardwalk or riverside walk.,,Medium
Hispanic Summer 03,Hispanic,Summer,Solo portrait,Young adult stretching in a bright backyard.,,High
Hispanic Summer 04,Hispanic,Summer,Solo portrait,Woman laughing softly on shaded porch.,,Medium
Hispanic Summer 05,Hispanic,Summer,Community scene,Outdoor support group under trees.,,High
Hispanic Summer 06,Hispanic,Summer,Community scene,Family cookout focused on reconnection and peace.,,High
Hispanic Summer 07,Hispanic,Summer,Community scene,Friends sharing aguas frescas and conversation.,,Medium
Hispanic Summer 08,Hispanic,Summer,Community scene,Elder offering encouragement to younger adult.,,Medium
Hispanic Summer 09,Hispanic,Summer,Quote page,Sun and summer warmth.,La sanación también puede tener alegría.,High
Hispanic Summer 10,Hispanic,Summer,Quote page,Bold sun accents.,Sigo adelante.,High
Hispanic Summer 11,Hispanic,Summer,Quote page,Open sky and calm space.,Hoy elijo calma.,High
Hispanic Summer 12,Hispanic,Summer,Symbol page,"Sun, flowers, fruit, and hearts.",,Medium
Hispanic Summer 13,Hispanic,Summer,Decorative page,Picnic motifs and summer borders.,,Medium
Hispanic Summer 14,Hispanic,Summer,Environment page,Safe outdoor patio with lanterns and plants.,,Medium
Hispanic Summer 15,Hispanic,Summer,Environment page,Community center courtyard scene.,,High
Hispanic Fall 01,Hispanic,Fall,Solo portrait,Woman in shawl journaling beside a window.,,High
Hispanic Fall 02,Hispanic,Fall,Solo portrait,Man with coffee walking under autumn trees.,,Medium
Hispanic Fall 03,Hispanic,Fall,Solo portrait,Young adult reading affirmations in a cozy chair.,,High
Hispanic Fall 04,Hispanic,Fall,Solo portrait,Woman making tea in a peaceful kitchen.,,High
Hispanic Fall 05,Hispanic,Fall,Community scene,Indoor recovery group with warm seasonal décor.,,High
Hispanic Fall 06,Hispanic,Fall,Community scene,Family preparing a comforting meal together.,,Medium
Hispanic Fall 07,Hispanic,Fall,Community scene,Sisters talking honestly at a table.,,Medium
Hispanic Fall 08,Hispanic,Fall,Community scene,Mentor check-in after a class or meeting.,,High
Hispanic Fall 09,Hispanic,Fall,Quote page,Warm cup and autumn textures.,Puedo descansar.,High
Hispanic Fall 10,Hispanic,Fall,Quote page,Leaves and reflective border.,Estoy aprendiendo a soltar.,High
Hispanic Fall 11,Hispanic,Fall,Quote page,Window light and soft linework.,Todavía hay luz para mí.,High
Hispanic Fall 12,Hispanic,Fall,Symbol page,"Leaves, mugs, candles, and flowers.",,Medium
Hispanic Fall 13,Hispanic,Fall,Decorative page,Woven textures and fall patterns.,,Medium
Hispanic Fall 14,Hispanic,Fall,Environment page,Reading corner with blankets and houseplants.,,High
Hispanic Fall 15,Hispanic,Fall,Environment page,Warm dining room sanctuary scene.,,Medium
Hispanic Winter 01,Hispanic,Winter,Solo portrait,Woman with candle and journal by a window.,,High
Hispanic Winter 02,Hispanic,Winter,Solo portrait,Man bundled up on a peaceful morning walk.,,Medium
Hispanic Winter 03,Hispanic,Winter,Solo portrait,Young adult coloring near a lamp and blanket.,,High
Hispanic Winter 04,Hispanic,Winter,Solo portrait,Woman reflecting with cocoa and soft music.,,High
Hispanic Winter 05,Hispanic,Winter,Community scene,Indoor support gathering with welcoming chairs.,,High
Hispanic Winter 06,Hispanic,Winter,Community scene,Parent and adult child sharing healing conversation.,,Medium
Hispanic Winter 07,Hispanic,Winter,Community scene,Friends checking on one another during winter.,,Medium
Hispanic Winter 08,Hispanic,Winter,Community scene,Family game night centered on safe connection.,,High
Hispanic Winter 09,Hispanic,Winter,Quote page,Winter light and soft stars.,La esperanza regresa.,High
Hispanic Winter 10,Hispanic,Winter,Quote page,Candle and cozy texture.,Merezco ternura.,High
Hispanic Winter 11,Hispanic,Winter,Quote page,Snow and light motif.,Poco a poco.,High
Hispanic Winter 12,Hispanic,Winter,Symbol page,"Stars, candles, mittens, and hearts.",,Medium
Hispanic Winter 13,Hispanic,Winter,Decorative page,"Quilts, mugs, lanterns, and winter shapes.",,Medium
Hispanic Winter 14,Hispanic,Winter,Environment page,Cozy bedroom retreat with layered blankets.,,High
Hispanic Winter 15,Hispanic,Winter,Environment page,Quiet living room with books and warm drinks.,,Medium
Multiracial Spring 01,Multiracial,Spring,Solo portrait,Multiracial woman journaling near blooming plants.,,High
Multiracial Spring 02,Multiracial,Spring,Solo portrait,Multiracial man walking at sunrise in a city park.,,Medium
Multiracial Spring 03,Multiracial,Spring,Solo portrait,Young adult doing breathwork by an open window.,,High
Multiracial Spring 04,Multiracial,Spring,Solo portrait,Person wrapped in blanket practicing self-kindness.,,High
Multiracial Spring 05,Multiracial,Spring,Community scene,Diverse support circle in community setting.,,High
Multiracial Spring 06,Multiracial,Spring,Community scene,Blended family planting flowers together.,,Medium
Multiracial Spring 07,Multiracial,Spring,Community scene,Two friends of different backgrounds sharing encouragement.,,Medium
Multiracial Spring 08,Multiracial,Spring,Community scene,Mentor and participant leaving a healing workshop.,,High
Multiracial Spring 09,Multiracial,Spring,Quote page,Butterflies and floral border.,New beginnings belong to me.,High
Multiracial Spring 10,Multiracial,Spring,Quote page,Hands and garden accents.,Healing has many faces.,High
Multiracial Spring 11,Multiracial,Spring,Quote page,Soft sky and open space.,I am safe to grow.,High
Multiracial Spring 12,Multiracial,Spring,Symbol page,"Butterflies, hands, hearts, and flowers.",,Medium
Multiracial Spring 13,Multiracial,Spring,Decorative page,"Journals, rain boots, and spring border.",,Medium
Multiracial Spring 14,Multiracial,Spring,Environment page,Apartment sanctuary with plants and soft textures.,,High
Multiracial Spring 15,Multiracial,Spring,Environment page,"Wellness room with chairs, art, and calm details.",,Medium
Multiracial Summer 01,Multiracial,Summer,Solo portrait,Person meditating under a tree.,,High
Multiracial Summer 02,Multiracial,Summer,Solo portrait,Person by water reflecting in sunlight.,,Medium
Multiracial Summer 03,Multiracial,Summer,Solo portrait,Young adult stretching on rooftop or lawn.,,High
Multiracial Summer 04,Multiracial,Summer,Solo portrait,Person sipping lemonade on a stoop or balcony.,,Medium
Multiracial Summer 05,Multiracial,Summer,Community scene,Diverse outdoor support group.,,High
Multiracial Summer 06,Multiracial,Summer,Community scene,Blended family picnic scene.,,High
Multiracial Summer 07,Multiracial,Summer,Community scene,Friends walking together after group.,,Medium
Multiracial Summer 08,Multiracial,Summer,Community scene,Peer-support conversation on a city bench.,,Medium
Multiracial Summer 09,Multiracial,Summer,Quote page,Freedom and peace motif.,Freedom can look like peace.,High
Multiracial Summer 10,Multiracial,Summer,Quote page,Sun and bright accents.,My joy counts too.,High
Multiracial Summer 11,Multiracial,Summer,Quote page,Open sky and bold text space.,I am becoming.,High
Multiracial Summer 12,Multiracial,Summer,Symbol page,"Suns, flowers, waves, and hearts.",,Medium
Multiracial Summer 13,Multiracial,Summer,Decorative page,"Sandals, fruit, and notebooks.",,Medium
Multiracial Summer 14,Multiracial,Summer,Environment page,Backyard or balcony healing corner.,,Medium
Multiracial Summer 15,Multiracial,Summer,Environment page,Urban garden community scene.,,High
Multiracial Fall 01,Multiracial,Fall,Solo portrait,Person journaling with leaves outside window.,,High
Multiracial Fall 02,Multiracial,Fall,Solo portrait,Person holding tea during a reflective walk.,,Medium
Multiracial Fall 03,Multiracial,Fall,Solo portrait,Young adult curled in chair with calming book.,,High
Multiracial Fall 04,Multiracial,Fall,Solo portrait,Person doing evening reflection by candlelight.,,High
Multiracial Fall 05,Multiracial,Fall,Community scene,Support group in warm-toned room.,,High
Multiracial Fall 06,Multiracial,Fall,Community scene,Blended family cooking together peacefully.,,Medium
Multiracial Fall 07,Multiracial,Fall,Community scene,Close friends sharing gratitude notes.,,Medium
Multiracial Fall 08,Multiracial,Fall,Community scene,Therapist-like or peer-support check-in scene.,,High
Multiracial Fall 09,Multiracial,Fall,Quote page,Release and growth motif.,I release what no longer holds me.,High
Multiracial Fall 10,Multiracial,Fall,Quote page,Soft blanket and tea accents.,I can rest without guilt.,High
Multiracial Fall 11,Multiracial,Fall,Quote page,Change and worth theme.,Change does not erase my worth.,High
Multiracial Fall 12,Multiracial,Fall,Symbol page,"Leaves, candles, journals, and hearts.",,Medium
Multiracial Fall 13,Multiracial,Fall,Decorative page,"Sweaters, mugs, and harvest details.",,Medium
Multiracial Fall 14,Multiracial,Fall,Environment page,Window seat sanctuary with blanket and plants.,,High
Multiracial Fall 15,Multiracial,Fall,Environment page,Peaceful kitchen or dining table scene.,,Medium
Multiracial Winter 01,Multiracial,Winter,Solo portrait,Person journaling with snow outside.,,High
Multiracial Winter 02,Multiracial,Winter,Solo portrait,Person walking in quiet winter light.,,Medium
Multiracial Winter 03,Multiracial,Winter,Solo portrait,Young adult coloring under a blanket.,,High
Multiracial Winter 04,Multiracial,Winter,Solo portrait,Person holding warm drink in soft lamplight.,,High
Multiracial Winter 05,Multiracial,Winter,Community scene,Diverse indoor support circle.,,High
Multiracial Winter 06,Multiracial,Winter,Community scene,Blended family exchanging kind notes.,,Medium
Multiracial Winter 07,Multiracial,Winter,Community scene,Couple or friends watching snowfall in peace.,,Medium
Multiracial Winter 08,Multiracial,Winter,Community scene,Check-in call or visit scene with emotional support.,,High
Multiracial Winter 09,Multiracial,Winter,Quote page,Warmth and light motif.,Warmth can begin within.,High
Multiracial Winter 10,Multiracial,Winter,Quote page,Quiet strength border.,"I am still here, and that matters.",High
Multiracial Winter 11,Multiracial,Winter,Quote page,Winter calm and bold lettering.,Gentleness is strength.,High
Multiracial Winter 12,Multiracial,Winter,Symbol page,"Stars, candles, mittens, and hearts.",,Medium
Multiracial Winter 13,Multiracial,Winter,Decorative page,"Snowflakes, books, mugs, and quilts.",,Medium
Multiracial Winter 14,Multiracial,Winter,Environment page,Cozy living room with layered textures.,,High
Multiracial Winter 15,Multiracial,Winter,Environment page,Bedroom or meditation corner with winter calm.,,Medium