Text / Quote,Category,Type,Suggested Images / Visual Elements,Design Prompt
"Still Here, Still Clean",Recovery,Bold,recovery coin/date badge; steps or footprints; sunrise; subtle community motif,"T-shirt design for VV-Styles featuring the exact quote: “Still Here, Still Clean” Use a bold visual tone and Recovery theme. Visual elements: recovery coin/date badge; steps or footprints; sunrise; subtle community motif. Make the quote the primary focal point, with strong readable typography, a clean print-friendly composition, high contrast, intentional spacing, and no unnecessary background clutter."
Plot twist: I made it,Recovery,Bold,recovery coin/date badge; steps or footprints; sunrise; subtle community motif,"T-shirt design for VV-Styles featuring the exact quote: “Plot twist: I made it” Use a bold visual tone and Recovery theme. Visual elements: recovery coin/date badge; steps or footprints; sunrise; subtle community motif. Make the quote the primary focal point, with strong readable typography, a clean print-friendly composition, high contrast, intentional spacing, and no unnecessary background clutter."
Recovering Out Loud,Recovery,Bold,recovery coin/date badge; steps or footprints; sunrise; subtle community motif,"T-shirt design for VV-Styles featuring the exact quote: “Recovering Out Loud” Use a bold visual tone and Recovery theme. Visual elements: recovery coin/date badge; steps or footprints; sunrise; subtle community motif. Make the quote the primary focal point, with strong readable typography, a clean print-friendly composition, high contrast, intentional spacing, and no unnecessary background clutter."
I survived my own worst idea,Recovery,Bold,recovery coin/date badge; steps or footprints; sunrise; subtle community motif,"T-shirt design for VV-Styles featuring the exact quote: “I survived my own worst idea” Use a bold visual tone and Recovery theme. Visual elements: recovery coin/date badge; steps or footprints; sunrise; subtle community motif. Make the quote the primary focal point, with strong readable typography, a clean print-friendly composition, high contrast, intentional spacing, and no unnecessary background clutter."
Cleantime is a whole vibe,Recovery,Bold,recovery coin/date badge; steps or footprints; sunrise; subtle community motif,"T-shirt design for VV-Styles featuring the exact quote: “Cleantime is a whole vibe” Use a bold visual tone and Recovery theme. Visual elements: recovery coin/date badge; steps or footprints; sunrise; subtle community motif. Make the quote the primary focal point, with strong readable typography, a clean print-friendly composition, high contrast, intentional spacing, and no unnecessary background clutter."
"Don't speak, just listen",Recovery,Bold,recovery coin/date badge; steps or footprints; sunrise; subtle community motif,"T-shirt design for VV-Styles featuring the exact quote: “Don't speak, just listen” Use a bold visual tone and Recovery theme. Visual elements: recovery coin/date badge; steps or footprints; sunrise; subtle community motif. Make the quote the primary focal point, with strong readable typography, a clean print-friendly composition, high contrast, intentional spacing, and no unnecessary background clutter."
"No matter who lies, dies, or flies",Recovery,Bold,recovery coin/date badge; steps or footprints; sunrise; subtle community motif,"T-shirt design for VV-Styles featuring the exact quote: “No matter who lies, dies, or flies” Use a bold visual tone and Recovery theme. Visual elements: recovery coin/date badge; steps or footprints; sunrise; subtle community motif. Make the quote the primary focal point, with strong readable typography, a clean print-friendly composition, high contrast, intentional spacing, and no unnecessary background clutter."
On the upside - I haven't used,Recovery,Sassy,recovery coin/date badge; steps or footprints; sunrise; subtle community motif,"T-shirt design for VV-Styles featuring the exact quote: “On the upside - I haven't used” Use a sassy visual tone and Recovery theme. Visual elements: recovery coin/date badge; steps or footprints; sunrise; subtle community motif. Make the quote the primary focal point, with strong readable typography, a clean print-friendly composition, high contrast, intentional spacing, and no unnecessary background clutter."
Clean & Serene since 1953 (or clean date),Recovery,Bold,recovery coin/date badge; steps or footprints; sunrise; subtle community motif,"T-shirt design for VV-Styles featuring the exact quote: “Clean & Serene since 1953 (or clean date)” Use a bold visual tone and Recovery theme. Visual elements: recovery coin/date badge; steps or footprints; sunrise; subtle community motif. Make the quote the primary focal point, with strong readable typography, a clean print-friendly composition, high contrast, intentional spacing, and no unnecessary background clutter."
"Sit down, Shut TF up, & Listen. You might learn something",Recovery,Confrontational,recovery coin/date badge; steps or footprints; sunrise; subtle community motif,"T-shirt design for VV-Styles featuring the exact quote: “Sit down, Shut TF up, & Listen. You might learn something” Use a confrontational visual tone and Recovery theme. Visual elements: recovery coin/date badge; steps or footprints; sunrise; subtle community motif. Make the quote the primary focal point, with strong readable typography, a clean print-friendly composition, high contrast, intentional spacing, and no unnecessary background clutter."
Meeting Maker,Recovery,Bold,recovery coin/date badge; steps or footprints; sunrise; subtle community motif,"T-shirt design for VV-Styles featuring the exact quote: “Meeting Maker” Use a bold visual tone and Recovery theme. Visual elements: recovery coin/date badge; steps or footprints; sunrise; subtle community motif. Make the quote the primary focal point, with strong readable typography, a clean print-friendly composition, high contrast, intentional spacing, and no unnecessary background clutter."
K.I.S.S. - Keep It Simple Stupid,Recovery,Bold,recovery coin/date badge; steps or footprints; sunrise; subtle community motif,"T-shirt design for VV-Styles featuring the exact quote: “K.I.S.S. - Keep It Simple Stupid” Use a bold visual tone and Recovery theme. Visual elements: recovery coin/date badge; steps or footprints; sunrise; subtle community motif. Make the quote the primary focal point, with strong readable typography, a clean print-friendly composition, high contrast, intentional spacing, and no unnecessary background clutter."
"Feel, Deal, & Heal",Healing,Supportive,heart; bandage; flowers; gentle sunrise,"T-shirt design for VV-Styles featuring the exact quote: “Feel, Deal, & Heal” Use a supportive visual tone and Healing theme. Visual elements: heart; bandage; flowers; gentle sunrise. Make the quote the primary focal point, with strong readable typography, a clean print-friendly composition, high contrast, intentional spacing, and no unnecessary background clutter."
Sponsorship: A two-way street,Recovery,Bold,recovery coin/date badge; steps or footprints; sunrise; subtle community motif,"T-shirt design for VV-Styles featuring the exact quote: “Sponsorship: A two-way street” Use a bold visual tone and Recovery theme. Visual elements: recovery coin/date badge; steps or footprints; sunrise; subtle community motif. Make the quote the primary focal point, with strong readable typography, a clean print-friendly composition, high contrast, intentional spacing, and no unnecessary background clutter."
Work the Steps or D.I.E.,Recovery,Bold,recovery coin/date badge; steps or footprints; sunrise; subtle community motif,"T-shirt design for VV-Styles featuring the exact quote: “Work the Steps or D.I.E.” Use a bold visual tone and Recovery theme. Visual elements: recovery coin/date badge; steps or footprints; sunrise; subtle community motif. Make the quote the primary focal point, with strong readable typography, a clean print-friendly composition, high contrast, intentional spacing, and no unnecessary background clutter."
The Solution is in the Steps,Recovery,Bold,recovery coin/date badge; steps or footprints; sunrise; subtle community motif,"T-shirt design for VV-Styles featuring the exact quote: “The Solution is in the Steps” Use a bold visual tone and Recovery theme. Visual elements: recovery coin/date badge; steps or footprints; sunrise; subtle community motif. Make the quote the primary focal point, with strong readable typography, a clean print-friendly composition, high contrast, intentional spacing, and no unnecessary background clutter."
Service is a Must,Recovery,Bold,recovery coin/date badge; steps or footprints; sunrise; subtle community motif,"T-shirt design for VV-Styles featuring the exact quote: “Service is a Must” Use a bold visual tone and Recovery theme. Visual elements: recovery coin/date badge; steps or footprints; sunrise; subtle community motif. Make the quote the primary focal point, with strong readable typography, a clean print-friendly composition, high contrast, intentional spacing, and no unnecessary background clutter."
#No Matter What,Recovery,Bold,recovery coin/date badge; steps or footprints; sunrise; subtle community motif,"T-shirt design for VV-Styles featuring the exact quote: “#No Matter What” Use a bold visual tone and Recovery theme. Visual elements: recovery coin/date badge; steps or footprints; sunrise; subtle community motif. Make the quote the primary focal point, with strong readable typography, a clean print-friendly composition, high contrast, intentional spacing, and no unnecessary background clutter."
"Broader the base, the Higher the Point of Freedom",Recovery,Bold,recovery coin/date badge; steps or footprints; sunrise; subtle community motif,"T-shirt design for VV-Styles featuring the exact quote: “Broader the base, the Higher the Point of Freedom” Use a bold visual tone and Recovery theme. Visual elements: recovery coin/date badge; steps or footprints; sunrise; subtle community motif. Make the quote the primary focal point, with strong readable typography, a clean print-friendly composition, high contrast, intentional spacing, and no unnecessary background clutter."
Newcomer: The Most Important Person in a Meeting,Recovery,Bold,recovery coin/date badge; steps or footprints; sunrise; subtle community motif,"T-shirt design for VV-Styles featuring the exact quote: “Newcomer: The Most Important Person in a Meeting” Use a bold visual tone and Recovery theme. Visual elements: recovery coin/date badge; steps or footprints; sunrise; subtle community motif. Make the quote the primary focal point, with strong readable typography, a clean print-friendly composition, high contrast, intentional spacing, and no unnecessary background clutter."
"Get some Recovery, then build on it.",Recovery,Bold,recovery coin/date badge; steps or footprints; sunrise; subtle community motif,"T-shirt design for VV-Styles featuring the exact quote: “Get some Recovery, then build on it.” Use a bold visual tone and Recovery theme. Visual elements: recovery coin/date badge; steps or footprints; sunrise; subtle community motif. Make the quote the primary focal point, with strong readable typography, a clean print-friendly composition, high contrast, intentional spacing, and no unnecessary background clutter."
I Surrendered (clean date),Recovery,Bold,recovery coin/date badge; steps or footprints; sunrise; subtle community motif,"T-shirt design for VV-Styles featuring the exact quote: “I Surrendered (clean date)” Use a bold visual tone and Recovery theme. Visual elements: recovery coin/date badge; steps or footprints; sunrise; subtle community motif. Make the quote the primary focal point, with strong readable typography, a clean print-friendly composition, high contrast, intentional spacing, and no unnecessary background clutter."
Best Day God ever made (clean date),Recovery,Bold,recovery coin/date badge; steps or footprints; sunrise; subtle community motif,"T-shirt design for VV-Styles featuring the exact quote: “Best Day God ever made (clean date)” Use a bold visual tone and Recovery theme. Visual elements: recovery coin/date badge; steps or footprints; sunrise; subtle community motif. Make the quote the primary focal point, with strong readable typography, a clean print-friendly composition, high contrast, intentional spacing, and no unnecessary background clutter."
No Matter What Club,Recovery,Bold,recovery coin/date badge; steps or footprints; sunrise; subtle community motif,"T-shirt design for VV-Styles featuring the exact quote: “No Matter What Club” Use a bold visual tone and Recovery theme. Visual elements: recovery coin/date badge; steps or footprints; sunrise; subtle community motif. Make the quote the primary focal point, with strong readable typography, a clean print-friendly composition, high contrast, intentional spacing, and no unnecessary background clutter."
"H.O.W. Honesty, Openminded, Willingness",Recovery,Informative,recovery coin/date badge; steps or footprints; sunrise; subtle community motif,"T-shirt design for VV-Styles featuring the exact quote: “H.O.W. Honesty, Openminded, Willingness” Use a informative visual tone and Recovery theme. Visual elements: recovery coin/date badge; steps or footprints; sunrise; subtle community motif. Make the quote the primary focal point, with strong readable typography, a clean print-friendly composition, high contrast, intentional spacing, and no unnecessary background clutter."
There are many paths to the road of Recovery,Recovery,Bold,recovery coin/date badge; steps or footprints; sunrise; subtle community motif,"T-shirt design for VV-Styles featuring the exact quote: “There are many paths to the road of Recovery” Use a bold visual tone and Recovery theme. Visual elements: recovery coin/date badge; steps or footprints; sunrise; subtle community motif. Make the quote the primary focal point, with strong readable typography, a clean print-friendly composition, high contrast, intentional spacing, and no unnecessary background clutter."
On fire for my Recovery,Recovery,Bold,recovery coin/date badge; steps or footprints; sunrise; subtle community motif,"T-shirt design for VV-Styles featuring the exact quote: “On fire for my Recovery” Use a bold visual tone and Recovery theme. Visual elements: recovery coin/date badge; steps or footprints; sunrise; subtle community motif. Make the quote the primary focal point, with strong readable typography, a clean print-friendly composition, high contrast, intentional spacing, and no unnecessary background clutter."
You repeat what you don't repair.,Healing,Supportive,heart; bandage; flowers; gentle sunrise,"T-shirt design for VV-Styles featuring the exact quote: “You repeat what you don't repair.” Use a supportive visual tone and Healing theme. Visual elements: heart; bandage; flowers; gentle sunrise. Make the quote the primary focal point, with strong readable typography, a clean print-friendly composition, high contrast, intentional spacing, and no unnecessary background clutter."
"Self care is the art of nurturing your mind, body & soul to achieve inner harmony",Self-Care,Positive,heart; flowers; water/wellness motifs; calm nature,"T-shirt design for VV-Styles featuring the exact quote: “Self care is the art of nurturing your mind, body & soul to achieve inner harmony” Use a positive visual tone and Self-Care theme. Visual elements: heart; flowers; water/wellness motifs; calm nature. Make the quote the primary focal point, with strong readable typography, a clean print-friendly composition, high contrast, intentional spacing, and no unnecessary background clutter."
My PAST does not dictate my Future,Motivational,Motivational,upward path; mountain/sunrise; arrows; strong focal typography,"T-shirt design for VV-Styles featuring the exact quote: “My PAST does not dictate my Future” Use a motivational visual tone and Motivational theme. Visual elements: upward path; mountain/sunrise; arrows; strong focal typography. Make the quote the primary focal point, with strong readable typography, a clean print-friendly composition, high contrast, intentional spacing, and no unnecessary background clutter."
My happy place is LOVE,Love,Supportive,heart; flowers; open hands,"T-shirt design for VV-Styles featuring the exact quote: “My happy place is LOVE” Use a supportive visual tone and Love theme. Visual elements: heart; flowers; open hands. Make the quote the primary focal point, with strong readable typography, a clean print-friendly composition, high contrast, intentional spacing, and no unnecessary background clutter."
"Love does not hurt, It HEALS",Love,Supportive,heart; flowers; open hands,"T-shirt design for VV-Styles featuring the exact quote: “Love does not hurt, It HEALS” Use a supportive visual tone and Love theme. Visual elements: heart; flowers; open hands. Make the quote the primary focal point, with strong readable typography, a clean print-friendly composition, high contrast, intentional spacing, and no unnecessary background clutter."
I Survived,DV,Empowering,broken chains; open door; sunrise; strong survivor silhouette,"T-shirt design for VV-Styles featuring the exact quote: “I Survived” Use a empowering visual tone and DV theme. Visual elements: broken chains; open door; sunrise; strong survivor silhouette. Make the quote the primary focal point, with strong readable typography, a clean print-friendly composition, high contrast, intentional spacing, and no unnecessary background clutter."
Strength is a defect (Flaw),DV,Empowering,broken chains; open door; sunrise; strong survivor silhouette,"T-shirt design for VV-Styles featuring the exact quote: “Strength is a defect (Flaw)” Use a empowering visual tone and DV theme. Visual elements: broken chains; open door; sunrise; strong survivor silhouette. Make the quote the primary focal point, with strong readable typography, a clean print-friendly composition, high contrast, intentional spacing, and no unnecessary background clutter."
Heal where you Hurt,Healing,Supportive,heart; bandage; flowers; gentle sunrise,"T-shirt design for VV-Styles featuring the exact quote: “Heal where you Hurt” Use a supportive visual tone and Healing theme. Visual elements: heart; bandage; flowers; gentle sunrise. Make the quote the primary focal point, with strong readable typography, a clean print-friendly composition, high contrast, intentional spacing, and no unnecessary background clutter."
Proud to be Recovering,Recovery,Bold,recovery coin/date badge; steps or footprints; sunrise; subtle community motif,"T-shirt design for VV-Styles featuring the exact quote: “Proud to be Recovering” Use a bold visual tone and Recovery theme. Visual elements: recovery coin/date badge; steps or footprints; sunrise; subtle community motif. Make the quote the primary focal point, with strong readable typography, a clean print-friendly composition, high contrast, intentional spacing, and no unnecessary background clutter."
Proper planning prevents poor performance,Motivational,Motivational,upward path; mountain/sunrise; arrows; strong focal typography,"T-shirt design for VV-Styles featuring the exact quote: “Proper planning prevents poor performance” Use a motivational visual tone and Motivational theme. Visual elements: upward path; mountain/sunrise; arrows; strong focal typography. Make the quote the primary focal point, with strong readable typography, a clean print-friendly composition, high contrast, intentional spacing, and no unnecessary background clutter."
Recovering since (date),Recovery,Bold,recovery coin/date badge; steps or footprints; sunrise; subtle community motif,"T-shirt design for VV-Styles featuring the exact quote: “Recovering since (date)” Use a bold visual tone and Recovery theme. Visual elements: recovery coin/date badge; steps or footprints; sunrise; subtle community motif. Make the quote the primary focal point, with strong readable typography, a clean print-friendly composition, high contrast, intentional spacing, and no unnecessary background clutter."
Understanding & Application,Recovery,Bold,recovery coin/date badge; steps or footprints; sunrise; subtle community motif,"T-shirt design for VV-Styles featuring the exact quote: “Understanding & Application” Use a bold visual tone and Recovery theme. Visual elements: recovery coin/date badge; steps or footprints; sunrise; subtle community motif. Make the quote the primary focal point, with strong readable typography, a clean print-friendly composition, high contrast, intentional spacing, and no unnecessary background clutter."
Cotton (put it in your mouth not ears),Recovery,Humorous,recovery coin/date badge; steps or footprints; sunrise; subtle community motif,"T-shirt design for VV-Styles featuring the exact quote: “Cotton (put it in your mouth not ears)” Use a humorous visual tone and Recovery theme. Visual elements: recovery coin/date badge; steps or footprints; sunrise; subtle community motif. Make the quote the primary focal point, with strong readable typography, a clean print-friendly composition, high contrast, intentional spacing, and no unnecessary background clutter."
Stay on guard for the unguarded moments,Recovery,Bold,recovery coin/date badge; steps or footprints; sunrise; subtle community motif,"T-shirt design for VV-Styles featuring the exact quote: “Stay on guard for the unguarded moments” Use a bold visual tone and Recovery theme. Visual elements: recovery coin/date badge; steps or footprints; sunrise; subtle community motif. Make the quote the primary focal point, with strong readable typography, a clean print-friendly composition, high contrast, intentional spacing, and no unnecessary background clutter."
Not a dumptruck,Recovery,Sassy,recovery coin/date badge; steps or footprints; sunrise; subtle community motif,"T-shirt design for VV-Styles featuring the exact quote: “Not a dumptruck” Use a sassy visual tone and Recovery theme. Visual elements: recovery coin/date badge; steps or footprints; sunrise; subtle community motif. Make the quote the primary focal point, with strong readable typography, a clean print-friendly composition, high contrast, intentional spacing, and no unnecessary background clutter."
Recovery is an uphill journey,Recovery,Bold,recovery coin/date badge; steps or footprints; sunrise; subtle community motif,"T-shirt design for VV-Styles featuring the exact quote: “Recovery is an uphill journey” Use a bold visual tone and Recovery theme. Visual elements: recovery coin/date badge; steps or footprints; sunrise; subtle community motif. Make the quote the primary focal point, with strong readable typography, a clean print-friendly composition, high contrast, intentional spacing, and no unnecessary background clutter."
Fathers Matter,Family,Supportive,tree roots; linked hands; family silhouettes,"T-shirt design for VV-Styles featuring the exact quote: “Fathers Matter” Use a supportive visual tone and Family theme. Visual elements: tree roots; linked hands; family silhouettes. Make the quote the primary focal point, with strong readable typography, a clean print-friendly composition, high contrast, intentional spacing, and no unnecessary background clutter."
Leave a legacy not a curse,Family,Supportive,tree roots; linked hands; family silhouettes,"T-shirt design for VV-Styles featuring the exact quote: “Leave a legacy not a curse” Use a supportive visual tone and Family theme. Visual elements: tree roots; linked hands; family silhouettes. Make the quote the primary focal point, with strong readable typography, a clean print-friendly composition, high contrast, intentional spacing, and no unnecessary background clutter."
Self esteem,Self-Esteem,Confident,mirror; crown; radiant light; confident portrait,"T-shirt design for VV-Styles featuring the exact quote: “Self esteem” Use a confident visual tone and Self-Esteem theme. Visual elements: mirror; crown; radiant light; confident portrait. Make the quote the primary focal point, with strong readable typography, a clean print-friendly composition, high contrast, intentional spacing, and no unnecessary background clutter."
My Fuck You game is strong,Sassy,Sassy,graffiti lettering; sunglasses; speech bubbles; attitude pose,"T-shirt design for VV-Styles featuring the exact quote: “My Fuck You game is strong” Use a sassy visual tone and Sassy theme. Visual elements: graffiti lettering; sunglasses; speech bubbles; attitude pose. Make the quote the primary focal point, with strong readable typography, a clean print-friendly composition, high contrast, intentional spacing, and no unnecessary background clutter."
Power of the WE,Recovery,Bold,recovery coin/date badge; steps or footprints; sunrise; subtle community motif,"T-shirt design for VV-Styles featuring the exact quote: “Power of the WE” Use a bold visual tone and Recovery theme. Visual elements: recovery coin/date badge; steps or footprints; sunrise; subtle community motif. Make the quote the primary focal point, with strong readable typography, a clean print-friendly composition, high contrast, intentional spacing, and no unnecessary background clutter."
I'm Judgey,Sassy,Sassy,graffiti lettering; sunglasses; speech bubbles; attitude pose,"T-shirt design for VV-Styles featuring the exact quote: “I'm Judgey” Use a sassy visual tone and Sassy theme. Visual elements: graffiti lettering; sunglasses; speech bubbles; attitude pose. Make the quote the primary focal point, with strong readable typography, a clean print-friendly composition, high contrast, intentional spacing, and no unnecessary background clutter."
They will... LET THEM,Boundaries,Confrontational,fence; locked gate; boundary line; person walking away,"T-shirt design for VV-Styles featuring the exact quote: “They will... LET THEM” Use a confrontational visual tone and Boundaries theme. Visual elements: fence; locked gate; boundary line; person walking away. Make the quote the primary focal point, with strong readable typography, a clean print-friendly composition, high contrast, intentional spacing, and no unnecessary background clutter."
This Ain't What You Want,Confident,Confident,strong stance; crown; spotlight; clean geometric shapes,"T-shirt design for VV-Styles featuring the exact quote: “This Ain't What You Want” Use a confident visual tone and Confident theme. Visual elements: strong stance; crown; spotlight; clean geometric shapes. Make the quote the primary focal point, with strong readable typography, a clean print-friendly composition, high contrast, intentional spacing, and no unnecessary background clutter."
F.O.C.U.S. (Fuck off cuz you're stupid),Sassy,Sassy,graffiti lettering; sunglasses; speech bubbles; attitude pose,"T-shirt design for VV-Styles featuring the exact quote: “F.O.C.U.S. (Fuck off cuz you're stupid)” Use a sassy visual tone and Sassy theme. Visual elements: graffiti lettering; sunglasses; speech bubbles; attitude pose. Make the quote the primary focal point, with strong readable typography, a clean print-friendly composition, high contrast, intentional spacing, and no unnecessary background clutter."
"Your face, your problem",Sassy,Sassy,graffiti lettering; sunglasses; speech bubbles; attitude pose,"T-shirt design for VV-Styles featuring the exact quote: “Your face, your problem” Use a sassy visual tone and Sassy theme. Visual elements: graffiti lettering; sunglasses; speech bubbles; attitude pose. Make the quote the primary focal point, with strong readable typography, a clean print-friendly composition, high contrast, intentional spacing, and no unnecessary background clutter."
F.I.L. Fix your life,Accountability,Truth,scales; checklist; mirror; arrows toward responsibility,"T-shirt design for VV-Styles featuring the exact quote: “F.I.L. Fix your life” Use a truth visual tone and Accountability theme. Visual elements: scales; checklist; mirror; arrows toward responsibility. Make the quote the primary focal point, with strong readable typography, a clean print-friendly composition, high contrast, intentional spacing, and no unnecessary background clutter."
Act your way into a new way of thinking,Motivational,Motivational,upward path; mountain/sunrise; arrows; strong focal typography,"T-shirt design for VV-Styles featuring the exact quote: “Act your way into a new way of thinking” Use a motivational visual tone and Motivational theme. Visual elements: upward path; mountain/sunrise; arrows; strong focal typography. Make the quote the primary focal point, with strong readable typography, a clean print-friendly composition, high contrast, intentional spacing, and no unnecessary background clutter."
I AM...,Self-Esteem,Confident,mirror; crown; radiant light; confident portrait,"T-shirt design for VV-Styles featuring the exact quote: “I AM... ” Use a confident visual tone and Self-Esteem theme. Visual elements: mirror; crown; radiant light; confident portrait. Make the quote the primary focal point, with strong readable typography, a clean print-friendly composition, high contrast, intentional spacing, and no unnecessary background clutter."
Put a Step on it,Recovery,Bold,recovery coin/date badge; steps or footprints; sunrise; subtle community motif,"T-shirt design for VV-Styles featuring the exact quote: “Put a Step on it” Use a bold visual tone and Recovery theme. Visual elements: recovery coin/date badge; steps or footprints; sunrise; subtle community motif. Make the quote the primary focal point, with strong readable typography, a clean print-friendly composition, high contrast, intentional spacing, and no unnecessary background clutter."
"Never Alone, Never Again",Recovery,Bold,recovery coin/date badge; steps or footprints; sunrise; subtle community motif,"T-shirt design for VV-Styles featuring the exact quote: “Never Alone, Never Again” Use a bold visual tone and Recovery theme. Visual elements: recovery coin/date badge; steps or footprints; sunrise; subtle community motif. Make the quote the primary focal point, with strong readable typography, a clean print-friendly composition, high contrast, intentional spacing, and no unnecessary background clutter."
"Make the effort, it's worth it",Motivational,Motivational,upward path; mountain/sunrise; arrows; strong focal typography,"T-shirt design for VV-Styles featuring the exact quote: “Make the effort, it's worth it” Use a motivational visual tone and Motivational theme. Visual elements: upward path; mountain/sunrise; arrows; strong focal typography. Make the quote the primary focal point, with strong readable typography, a clean print-friendly composition, high contrast, intentional spacing, and no unnecessary background clutter."
My crazy looks different,Self-Awareness,Reflective,mirror; thought bubbles; abstract shapes,"T-shirt design for VV-Styles featuring the exact quote: “My crazy looks different” Use a reflective visual tone and Self-Awareness theme. Visual elements: mirror; thought bubbles; abstract shapes. Make the quote the primary focal point, with strong readable typography, a clean print-friendly composition, high contrast, intentional spacing, and no unnecessary background clutter."
Broken Toy Store,Healing,Supportive,heart; bandage; flowers; gentle sunrise,"T-shirt design for VV-Styles featuring the exact quote: “Broken Toy Store” Use a supportive visual tone and Healing theme. Visual elements: heart; bandage; flowers; gentle sunrise. Make the quote the primary focal point, with strong readable typography, a clean print-friendly composition, high contrast, intentional spacing, and no unnecessary background clutter."
I said that? Wow I'm just as surprised as you,Sassy,Sassy,graffiti lettering; sunglasses; speech bubbles; attitude pose,"T-shirt design for VV-Styles featuring the exact quote: “I said that? Wow I'm just as surprised as you” Use a sassy visual tone and Sassy theme. Visual elements: graffiti lettering; sunglasses; speech bubbles; attitude pose. Make the quote the primary focal point, with strong readable typography, a clean print-friendly composition, high contrast, intentional spacing, and no unnecessary background clutter."
"I can control my mouth, I choose not to",Sassy,Sassy,graffiti lettering; sunglasses; speech bubbles; attitude pose,"T-shirt design for VV-Styles featuring the exact quote: “I can control my mouth, I choose not to” Use a sassy visual tone and Sassy theme. Visual elements: graffiti lettering; sunglasses; speech bubbles; attitude pose. Make the quote the primary focal point, with strong readable typography, a clean print-friendly composition, high contrast, intentional spacing, and no unnecessary background clutter."
Huh? What did you say? I wasn't listening,Sassy,Sassy,graffiti lettering; sunglasses; speech bubbles; attitude pose,"T-shirt design for VV-Styles featuring the exact quote: “Huh? What did you say? I wasn't listening” Use a sassy visual tone and Sassy theme. Visual elements: graffiti lettering; sunglasses; speech bubbles; attitude pose. Make the quote the primary focal point, with strong readable typography, a clean print-friendly composition, high contrast, intentional spacing, and no unnecessary background clutter."
If they can't lift you then they can't drop you,Boundaries,Confrontational,fence; locked gate; boundary line; person walking away,"T-shirt design for VV-Styles featuring the exact quote: “If they can't lift you then they can't drop you” Use a confrontational visual tone and Boundaries theme. Visual elements: fence; locked gate; boundary line; person walking away. Make the quote the primary focal point, with strong readable typography, a clean print-friendly composition, high contrast, intentional spacing, and no unnecessary background clutter."
Success is never giving up,Motivational,Motivational,upward path; mountain/sunrise; arrows; strong focal typography,"T-shirt design for VV-Styles featuring the exact quote: “Success is never giving up” Use a motivational visual tone and Motivational theme. Visual elements: upward path; mountain/sunrise; arrows; strong focal typography. Make the quote the primary focal point, with strong readable typography, a clean print-friendly composition, high contrast, intentional spacing, and no unnecessary background clutter."
"If they can't reach you, then they can't top you",Confident,Confident,strong stance; crown; spotlight; clean geometric shapes,"T-shirt design for VV-Styles featuring the exact quote: “If they can't reach you, then they can't top you” Use a confident visual tone and Confident theme. Visual elements: strong stance; crown; spotlight; clean geometric shapes. Make the quote the primary focal point, with strong readable typography, a clean print-friendly composition, high contrast, intentional spacing, and no unnecessary background clutter."
"I got time for shit, just not your shit",Boundaries,Sassy,fence; locked gate; boundary line; person walking away,"T-shirt design for VV-Styles featuring the exact quote: “I got time for shit, just not your shit” Use a sassy visual tone and Boundaries theme. Visual elements: fence; locked gate; boundary line; person walking away. Make the quote the primary focal point, with strong readable typography, a clean print-friendly composition, high contrast, intentional spacing, and no unnecessary background clutter."
I'm my own cheerleader (or pep squad),Self-Esteem,Confident,mirror; crown; radiant light; confident portrait,"T-shirt design for VV-Styles featuring the exact quote: “I'm my own cheerleader (or pep squad)” Use a confident visual tone and Self-Esteem theme. Visual elements: mirror; crown; radiant light; confident portrait. Make the quote the primary focal point, with strong readable typography, a clean print-friendly composition, high contrast, intentional spacing, and no unnecessary background clutter."
My coffee keeps others safe,Sassy,Sassy,graffiti lettering; sunglasses; speech bubbles; attitude pose,"T-shirt design for VV-Styles featuring the exact quote: “My coffee keeps others safe” Use a sassy visual tone and Sassy theme. Visual elements: graffiti lettering; sunglasses; speech bubbles; attitude pose. Make the quote the primary focal point, with strong readable typography, a clean print-friendly composition, high contrast, intentional spacing, and no unnecessary background clutter."
I'm only as strong as my belief,Motivational,Motivational,upward path; mountain/sunrise; arrows; strong focal typography,"T-shirt design for VV-Styles featuring the exact quote: “I'm only as strong as my belief” Use a motivational visual tone and Motivational theme. Visual elements: upward path; mountain/sunrise; arrows; strong focal typography. Make the quote the primary focal point, with strong readable typography, a clean print-friendly composition, high contrast, intentional spacing, and no unnecessary background clutter."
L.M.K.H.T.W.O.F.Y. (Let me know how that works out for you),Sassy,Sassy,graffiti lettering; sunglasses; speech bubbles; attitude pose,"T-shirt design for VV-Styles featuring the exact quote: “L.M.K.H.T.W.O.F.Y. (Let me know how that works out for you)” Use a sassy visual tone and Sassy theme. Visual elements: graffiti lettering; sunglasses; speech bubbles; attitude pose. Make the quote the primary focal point, with strong readable typography, a clean print-friendly composition, high contrast, intentional spacing, and no unnecessary background clutter."
B.L.A.M.E.,Accountability,Truth,scales; checklist; mirror; arrows toward responsibility,"T-shirt design for VV-Styles featuring the exact quote: “B.L.A.M.E.” Use a truth visual tone and Accountability theme. Visual elements: scales; checklist; mirror; arrows toward responsibility. Make the quote the primary focal point, with strong readable typography, a clean print-friendly composition, high contrast, intentional spacing, and no unnecessary background clutter."
"Built Different, but I think some screws are loose",Humor,Humorous,comic burst; playful icons; expressive typography,"T-shirt design for VV-Styles featuring the exact quote: “Built Different, but I think some screws are loose” Use a humorous visual tone and Humor theme. Visual elements: comic burst; playful icons; expressive typography. Make the quote the primary focal point, with strong readable typography, a clean print-friendly composition, high contrast, intentional spacing, and no unnecessary background clutter."
"If God is testing me, then let Him grade me.",Faith,Reflective,sunrise; light rays; subtle faith symbol,"T-shirt design for VV-Styles featuring the exact quote: “If God is testing me, then let Him grade me.” Use a reflective visual tone and Faith theme. Visual elements: sunrise; light rays; subtle faith symbol. Make the quote the primary focal point, with strong readable typography, a clean print-friendly composition, high contrast, intentional spacing, and no unnecessary background clutter."
Trying is not the same as Doing,Accountability,Accountability,scales; checklist; mirror; arrows toward responsibility,"T-shirt design for VV-Styles featuring the exact quote: “Trying is not the same as Doing” Use a accountability visual tone and Accountability theme. Visual elements: scales; checklist; mirror; arrows toward responsibility. Make the quote the primary focal point, with strong readable typography, a clean print-friendly composition, high contrast, intentional spacing, and no unnecessary background clutter."
Ain't my circus but I know the monkeys,Sassy,Sassy,graffiti lettering; sunglasses; speech bubbles; attitude pose,"T-shirt design for VV-Styles featuring the exact quote: “Ain't my circus but I know the monkeys” Use a sassy visual tone and Sassy theme. Visual elements: graffiti lettering; sunglasses; speech bubbles; attitude pose. Make the quote the primary focal point, with strong readable typography, a clean print-friendly composition, high contrast, intentional spacing, and no unnecessary background clutter."
"Might not be my circus, but I'm a certified ringmaster",Confident,Confident,strong stance; crown; spotlight; clean geometric shapes,"T-shirt design for VV-Styles featuring the exact quote: “Might not be my circus, but I'm a certified ringmaster” Use a confident visual tone and Confident theme. Visual elements: strong stance; crown; spotlight; clean geometric shapes. Make the quote the primary focal point, with strong readable typography, a clean print-friendly composition, high contrast, intentional spacing, and no unnecessary background clutter."
Error 404: Sleep not found,Humor,Humorous,comic burst; playful icons; expressive typography,"T-shirt design for VV-Styles featuring the exact quote: “Error 404: Sleep not found” Use a humorous visual tone and Humor theme. Visual elements: comic burst; playful icons; expressive typography. Make the quote the primary focal point, with strong readable typography, a clean print-friendly composition, high contrast, intentional spacing, and no unnecessary background clutter."
This is a Way Out / There's a way out,Recovery,Bold,recovery coin/date badge; steps or footprints; sunrise; subtle community motif,"T-shirt design for VV-Styles featuring the exact quote: “This is a Way Out / There's a way out” Use a bold visual tone and Recovery theme. Visual elements: recovery coin/date badge; steps or footprints; sunrise; subtle community motif. Make the quote the primary focal point, with strong readable typography, a clean print-friendly composition, high contrast, intentional spacing, and no unnecessary background clutter."
I meet people where they are... I also leave them where they're at.,Boundaries,Confrontational,fence; locked gate; boundary line; person walking away,"T-shirt design for VV-Styles featuring the exact quote: “I meet people where they are... I also leave them where they're at.” Use a confrontational visual tone and Boundaries theme. Visual elements: fence; locked gate; boundary line; person walking away. Make the quote the primary focal point, with strong readable typography, a clean print-friendly composition, high contrast, intentional spacing, and no unnecessary background clutter."
"Wheel of Feelings: Chest punchy, face slappy, pushy-shovey, throat choppy.",Humor,Humorous,comic burst; playful icons; expressive typography,"T-shirt design for VV-Styles featuring the exact quote: “Wheel of Feelings: Chest punchy, face slappy, pushy-shovey, throat choppy.” Use a humorous visual tone and Humor theme. Visual elements: comic burst; playful icons; expressive typography. Make the quote the primary focal point, with strong readable typography, a clean print-friendly composition, high contrast, intentional spacing, and no unnecessary background clutter."
Pouring into ME!,Self-Care,Positive,heart; flowers; water/wellness motifs; calm nature,"T-shirt design for VV-Styles featuring the exact quote: “Pouring into ME!” Use a positive visual tone and Self-Care theme. Visual elements: heart; flowers; water/wellness motifs; calm nature. Make the quote the primary focal point, with strong readable typography, a clean print-friendly composition, high contrast, intentional spacing, and no unnecessary background clutter."
I said what? I'm as surprised as you are!,Sassy,Sassy,graffiti lettering; sunglasses; speech bubbles; attitude pose,"T-shirt design for VV-Styles featuring the exact quote: “I said what? I'm as surprised as you are!” Use a sassy visual tone and Sassy theme. Visual elements: graffiti lettering; sunglasses; speech bubbles; attitude pose. Make the quote the primary focal point, with strong readable typography, a clean print-friendly composition, high contrast, intentional spacing, and no unnecessary background clutter."
I'm not difficult. I'm no longer convenient.,Boundaries,Confrontational,Confident woman/man walking away; boundary line; locked door/key; clean bold typography,"T-shirt design for VV-Styles featuring the exact quote: “I'm not difficult. I'm no longer convenient.” Use a confrontational visual tone and Boundaries theme. Visual elements: Confident woman/man walking away; boundary line; locked door/key; clean bold typography. Make the quote the primary focal point, with strong readable typography, a clean print-friendly composition, high contrast, intentional spacing, and no unnecessary background clutter."
Accountability feels like disrespect when you are used to control.,Accountability,Truth,Mirror; scales; boundary line; hand releasing a control string,"T-shirt design for VV-Styles featuring the exact quote: “Accountability feels like disrespect when you are used to control.” Use a truth visual tone and Accountability theme. Visual elements: Mirror; scales; boundary line; hand releasing a control string. Make the quote the primary focal point, with strong readable typography, a clean print-friendly composition, high contrast, intentional spacing, and no unnecessary background clutter."
"You weren't misunderstood, You were understood and disagreed with",Truth,Truth,Two opposing speech bubbles; clarity/light beam; bold truth typography,"T-shirt design for VV-Styles featuring the exact quote: “You weren't misunderstood, You were understood and disagreed with” Use a truth visual tone and Truth theme. Visual elements: Two opposing speech bubbles; clarity/light beam; bold truth typography. Make the quote the primary focal point, with strong readable typography, a clean print-friendly composition, high contrast, intentional spacing, and no unnecessary background clutter."
Boundaries look like attitude to people who benefitted from your lack of them.,Other,Bold,symbolic iconography tied directly to the quote,"T-shirt design for VV-Styles featuring the exact quote: “Boundaries look like attitude to people who benefitted from your lack of them.” Use a bold visual tone and Other theme. Visual elements: symbolic iconography tied directly to the quote. Make the quote the primary focal point, with strong readable typography, a clean print-friendly composition, high contrast, intentional spacing, and no unnecessary background clutter."
Doctor or Dirt? 😑,Recovery,Bold,recovery coin/date badge; steps or footprints; sunrise; subtle community motif,"T-shirt design for VV-Styles featuring the exact quote: “Doctor or Dirt? 😑” Use a bold visual tone and Recovery theme. Visual elements: recovery coin/date badge; steps or footprints; sunrise; subtle community motif. Make the quote the primary focal point, with strong readable typography, a clean print-friendly composition, high contrast, intentional spacing, and no unnecessary background clutter."
You have to have good character in order for it to be assassinated.,Truth,Sassy,Confident seated figure; dramatic character-assassination silhouette/crosshair; subtle crown; distressed typography,"T-shirt design for VV-Styles featuring the exact quote: “You have to have good character in order for it to be assassinated.” Use a sassy visual tone and Truth theme. Visual elements: Confident seated figure; dramatic character-assassination silhouette/crosshair; subtle crown; distressed typography. Make the quote the primary focal point, with strong readable typography, a clean print-friendly composition, high contrast, intentional spacing, and no unnecessary background clutter."
I don't chase. I choose.,Self-Respect,Confident,crown; boundary line; confident silhouette,"T-shirt design for VV-Styles featuring the exact quote: “I don't chase. I choose.” Use a confident visual tone and Self-Respect theme. Visual elements: crown; boundary line; confident silhouette. Make the quote the primary focal point, with strong readable typography, a clean print-friendly composition, high contrast, intentional spacing, and no unnecessary background clutter."
My peace is not up for negotiation.,Boundaries,Bold,fence; locked gate; boundary line; person walking away,"T-shirt design for VV-Styles featuring the exact quote: “My peace is not up for negotiation.” Use a bold visual tone and Boundaries theme. Visual elements: fence; locked gate; boundary line; person walking away. Make the quote the primary focal point, with strong readable typography, a clean print-friendly composition, high contrast, intentional spacing, and no unnecessary background clutter."
"Healing changed my tolerance, not my heart.",Healing,Reflective,heart; bandage; flowers; gentle sunrise,"T-shirt design for VV-Styles featuring the exact quote: “Healing changed my tolerance, not my heart.” Use a reflective visual tone and Healing theme. Visual elements: heart; bandage; flowers; gentle sunrise. Make the quote the primary focal point, with strong readable typography, a clean print-friendly composition, high contrast, intentional spacing, and no unnecessary background clutter."
I survived what was supposed to break me.,DV,Motivational,broken chains; open door; sunrise; strong survivor silhouette,"T-shirt design for VV-Styles featuring the exact quote: “I survived what was supposed to break me.” Use a motivational visual tone and DV theme. Visual elements: broken chains; open door; sunrise; strong survivor silhouette. Make the quote the primary focal point, with strong readable typography, a clean print-friendly composition, high contrast, intentional spacing, and no unnecessary background clutter."
Leaving was not losing. Leaving was choosing me.,DV,Empowering,broken chains; open door; sunrise; strong survivor silhouette,"T-shirt design for VV-Styles featuring the exact quote: “Leaving was not losing. Leaving was choosing me.” Use a empowering visual tone and DV theme. Visual elements: broken chains; open door; sunrise; strong survivor silhouette. Make the quote the primary focal point, with strong readable typography, a clean print-friendly composition, high contrast, intentional spacing, and no unnecessary background clutter."
You don't get access just because you miss me.,Boundaries,Confrontational,fence; locked gate; boundary line; person walking away,"T-shirt design for VV-Styles featuring the exact quote: “You don't get access just because you miss me.” Use a confrontational visual tone and Boundaries theme. Visual elements: fence; locked gate; boundary line; person walking away. Make the quote the primary focal point, with strong readable typography, a clean print-friendly composition, high contrast, intentional spacing, and no unnecessary background clutter."
Accountability is not an attack.,Accountability,Informative,scales; checklist; mirror; arrows toward responsibility,"T-shirt design for VV-Styles featuring the exact quote: “Accountability is not an attack.” Use a informative visual tone and Accountability theme. Visual elements: scales; checklist; mirror; arrows toward responsibility. Make the quote the primary focal point, with strong readable typography, a clean print-friendly composition, high contrast, intentional spacing, and no unnecessary background clutter."
Your opinion is not my identity.,Self-Esteem,Confident,mirror; crown; radiant light; confident portrait,"T-shirt design for VV-Styles featuring the exact quote: “Your opinion is not my identity.” Use a confident visual tone and Self-Esteem theme. Visual elements: mirror; crown; radiant light; confident portrait. Make the quote the primary focal point, with strong readable typography, a clean print-friendly composition, high contrast, intentional spacing, and no unnecessary background clutter."
I can love you and still leave you.,Love,Boundaries,heart; flowers; open hands,"T-shirt design for VV-Styles featuring the exact quote: “I can love you and still leave you.” Use a boundaries visual tone and Love theme. Visual elements: heart; flowers; open hands. Make the quote the primary focal point, with strong readable typography, a clean print-friendly composition, high contrast, intentional spacing, and no unnecessary background clutter."
Peace looks good on me.,Healing,Confident,heart; bandage; flowers; gentle sunrise,"T-shirt design for VV-Styles featuring the exact quote: “Peace looks good on me.” Use a confident visual tone and Healing theme. Visual elements: heart; bandage; flowers; gentle sunrise. Make the quote the primary focal point, with strong readable typography, a clean print-friendly composition, high contrast, intentional spacing, and no unnecessary background clutter."
I stopped explaining myself to people committed to misunderstanding me.,Boundaries,Sassy,fence; locked gate; boundary line; person walking away,"T-shirt design for VV-Styles featuring the exact quote: “I stopped explaining myself to people committed to misunderstanding me.” Use a sassy visual tone and Boundaries theme. Visual elements: fence; locked gate; boundary line; person walking away. Make the quote the primary focal point, with strong readable typography, a clean print-friendly composition, high contrast, intentional spacing, and no unnecessary background clutter."
My healing is louder than your apology.,Healing,Bold,heart; bandage; flowers; gentle sunrise,"T-shirt design for VV-Styles featuring the exact quote: “My healing is louder than your apology.” Use a bold visual tone and Healing theme. Visual elements: heart; bandage; flowers; gentle sunrise. Make the quote the primary focal point, with strong readable typography, a clean print-friendly composition, high contrast, intentional spacing, and no unnecessary background clutter."
No response is still a response.,Boundaries,Sassy,fence; locked gate; boundary line; person walking away,"T-shirt design for VV-Styles featuring the exact quote: “No response is still a response.” Use a sassy visual tone and Boundaries theme. Visual elements: fence; locked gate; boundary line; person walking away. Make the quote the primary focal point, with strong readable typography, a clean print-friendly composition, high contrast, intentional spacing, and no unnecessary background clutter."
I don't owe access to anyone who mishandled it.,Self-Respect,Bold,crown; boundary line; confident silhouette,"T-shirt design for VV-Styles featuring the exact quote: “I don't owe access to anyone who mishandled it.” Use a bold visual tone and Self-Respect theme. Visual elements: crown; boundary line; confident silhouette. Make the quote the primary focal point, with strong readable typography, a clean print-friendly composition, high contrast, intentional spacing, and no unnecessary background clutter."
Don't confuse my silence with permission.,Boundaries,Confrontational,fence; locked gate; boundary line; person walking away,"T-shirt design for VV-Styles featuring the exact quote: “Don't confuse my silence with permission.” Use a confrontational visual tone and Boundaries theme. Visual elements: fence; locked gate; boundary line; person walking away. Make the quote the primary focal point, with strong readable typography, a clean print-friendly composition, high contrast, intentional spacing, and no unnecessary background clutter."
Character is what you do when nobody is clapping.,Truth,Reflective,mirror; scales; spotlight; bold typography,"T-shirt design for VV-Styles featuring the exact quote: “Character is what you do when nobody is clapping.” Use a reflective visual tone and Truth theme. Visual elements: mirror; scales; spotlight; bold typography. Make the quote the primary focal point, with strong readable typography, a clean print-friendly composition, high contrast, intentional spacing, and no unnecessary background clutter."
"If the truth ruins your story, rewrite the story.",Honesty,Confrontational,open book; mirror; clear light; speech bubble,"T-shirt design for VV-Styles featuring the exact quote: “If the truth ruins your story, rewrite the story.” Use a confrontational visual tone and Honesty theme. Visual elements: open book; mirror; clear light; speech bubble. Make the quote the primary focal point, with strong readable typography, a clean print-friendly composition, high contrast, intentional spacing, and no unnecessary background clutter."
I don't need revenge. I need distance.,DV,Sassy,broken chains; open door; sunrise; strong survivor silhouette,"T-shirt design for VV-Styles featuring the exact quote: “I don't need revenge. I need distance.” Use a sassy visual tone and DV theme. Visual elements: broken chains; open door; sunrise; strong survivor silhouette. Make the quote the primary focal point, with strong readable typography, a clean print-friendly composition, high contrast, intentional spacing, and no unnecessary background clutter."
The version of me you hurt doesn't live here anymore.,Healing,Bold,heart; bandage; flowers; gentle sunrise,"T-shirt design for VV-Styles featuring the exact quote: “The version of me you hurt doesn't live here anymore.” Use a bold visual tone and Healing theme. Visual elements: heart; bandage; flowers; gentle sunrise. Make the quote the primary focal point, with strong readable typography, a clean print-friendly composition, high contrast, intentional spacing, and no unnecessary background clutter."
Recovery gave me a life worth protecting.,Recovery,Motivational,recovery coin/date badge; steps or footprints; sunrise; subtle community motif,"T-shirt design for VV-Styles featuring the exact quote: “Recovery gave me a life worth protecting.” Use a motivational visual tone and Recovery theme. Visual elements: recovery coin/date badge; steps or footprints; sunrise; subtle community motif. Make the quote the primary focal point, with strong readable typography, a clean print-friendly composition, high contrast, intentional spacing, and no unnecessary background clutter."
Clean is the flex.,Recovery,Sassy,recovery coin/date badge; steps or footprints; sunrise; subtle community motif,"T-shirt design for VV-Styles featuring the exact quote: “Clean is the flex.” Use a sassy visual tone and Recovery theme. Visual elements: recovery coin/date badge; steps or footprints; sunrise; subtle community motif. Make the quote the primary focal point, with strong readable typography, a clean print-friendly composition, high contrast, intentional spacing, and no unnecessary background clutter."
My recovery is not up for debate.,Recovery,Confident,recovery coin/date badge; steps or footprints; sunrise; subtle community motif,"T-shirt design for VV-Styles featuring the exact quote: “My recovery is not up for debate.” Use a confident visual tone and Recovery theme. Visual elements: recovery coin/date badge; steps or footprints; sunrise; subtle community motif. Make the quote the primary focal point, with strong readable typography, a clean print-friendly composition, high contrast, intentional spacing, and no unnecessary background clutter."
One day at a time. Still counts.,Recovery,Supportive,recovery coin/date badge; steps or footprints; sunrise; subtle community motif,"T-shirt design for VV-Styles featuring the exact quote: “One day at a time. Still counts.” Use a supportive visual tone and Recovery theme. Visual elements: recovery coin/date badge; steps or footprints; sunrise; subtle community motif. Make the quote the primary focal point, with strong readable typography, a clean print-friendly composition, high contrast, intentional spacing, and no unnecessary background clutter."
I didn't find myself. I built myself.,Self-Esteem,Motivational,mirror; crown; radiant light; confident portrait,"T-shirt design for VV-Styles featuring the exact quote: “I didn't find myself. I built myself.” Use a motivational visual tone and Self-Esteem theme. Visual elements: mirror; crown; radiant light; confident portrait. Make the quote the primary focal point, with strong readable typography, a clean print-friendly composition, high contrast, intentional spacing, and no unnecessary background clutter."
Soft heart. Strong boundaries.,Self-Respect,Confident,crown; boundary line; confident silhouette,"T-shirt design for VV-Styles featuring the exact quote: “Soft heart. Strong boundaries.” Use a confident visual tone and Self-Respect theme. Visual elements: crown; boundary line; confident silhouette. Make the quote the primary focal point, with strong readable typography, a clean print-friendly composition, high contrast, intentional spacing, and no unnecessary background clutter."
You can be sorry and still be unsafe for me.,DV,Truth,broken chains; open door; sunrise; strong survivor silhouette,"T-shirt design for VV-Styles featuring the exact quote: “You can be sorry and still be unsafe for me.” Use a truth visual tone and DV theme. Visual elements: broken chains; open door; sunrise; strong survivor silhouette. Make the quote the primary focal point, with strong readable typography, a clean print-friendly composition, high contrast, intentional spacing, and no unnecessary background clutter."
"Respect is the minimum, not the reward.",Self-Respect,Bold,crown; boundary line; confident silhouette,"T-shirt design for VV-Styles featuring the exact quote: “Respect is the minimum, not the reward.” Use a bold visual tone and Self-Respect theme. Visual elements: crown; boundary line; confident silhouette. Make the quote the primary focal point, with strong readable typography, a clean print-friendly composition, high contrast, intentional spacing, and no unnecessary background clutter."
I am not responsible for the version of me you invented.,Truth,Sassy,mirror; scales; spotlight; bold typography,"T-shirt design for VV-Styles featuring the exact quote: “I am not responsible for the version of me you invented.” Use a sassy visual tone and Truth theme. Visual elements: mirror; scales; spotlight; bold typography. Make the quote the primary focal point, with strong readable typography, a clean print-friendly composition, high contrast, intentional spacing, and no unnecessary background clutter."
Your access expired.,Boundaries,Sassy,fence; locked gate; boundary line; person walking away,"T-shirt design for VV-Styles featuring the exact quote: “Your access expired.” Use a sassy visual tone and Boundaries theme. Visual elements: fence; locked gate; boundary line; person walking away. Make the quote the primary focal point, with strong readable typography, a clean print-friendly composition, high contrast, intentional spacing, and no unnecessary background clutter."
I outgrew the argument.,Healing,Sassy,heart; bandage; flowers; gentle sunrise,"T-shirt design for VV-Styles featuring the exact quote: “I outgrew the argument.” Use a sassy visual tone and Healing theme. Visual elements: heart; bandage; flowers; gentle sunrise. Make the quote the primary focal point, with strong readable typography, a clean print-friendly composition, high contrast, intentional spacing, and no unnecessary background clutter."
No more surviving. I'm building.,Motivational,Bold,upward path; mountain/sunrise; arrows; strong focal typography,"T-shirt design for VV-Styles featuring the exact quote: “No more surviving. I'm building.” Use a bold visual tone and Motivational theme. Visual elements: upward path; mountain/sunrise; arrows; strong focal typography. Make the quote the primary focal point, with strong readable typography, a clean print-friendly composition, high contrast, intentional spacing, and no unnecessary background clutter."
I choose progress over perfection.,Motivational,Supportive,upward path; mountain/sunrise; arrows; strong focal typography,"T-shirt design for VV-Styles featuring the exact quote: “I choose progress over perfection.” Use a supportive visual tone and Motivational theme. Visual elements: upward path; mountain/sunrise; arrows; strong focal typography. Make the quote the primary focal point, with strong readable typography, a clean print-friendly composition, high contrast, intentional spacing, and no unnecessary background clutter."
"My story has scars, not shame.",DV,Empowering,broken chains; open door; sunrise; strong survivor silhouette,"T-shirt design for VV-Styles featuring the exact quote: “My story has scars, not shame.” Use a empowering visual tone and DV theme. Visual elements: broken chains; open door; sunrise; strong survivor silhouette. Make the quote the primary focal point, with strong readable typography, a clean print-friendly composition, high contrast, intentional spacing, and no unnecessary background clutter."
I don't shrink to make dysfunction comfortable.,Self-Respect,Confrontational,crown; boundary line; confident silhouette,"T-shirt design for VV-Styles featuring the exact quote: “I don't shrink to make dysfunction comfortable.” Use a confrontational visual tone and Self-Respect theme. Visual elements: crown; boundary line; confident silhouette. Make the quote the primary focal point, with strong readable typography, a clean print-friendly composition, high contrast, intentional spacing, and no unnecessary background clutter."
Healthy feels unfamiliar when chaos was normal.,Healing,Informative,heart; bandage; flowers; gentle sunrise,"T-shirt design for VV-Styles featuring the exact quote: “Healthy feels unfamiliar when chaos was normal.” Use a informative visual tone and Healing theme. Visual elements: heart; bandage; flowers; gentle sunrise. Make the quote the primary focal point, with strong readable typography, a clean print-friendly composition, high contrast, intentional spacing, and no unnecessary background clutter."
Don't call it an attitude when it's a boundary.,Boundaries,Sassy,fence; locked gate; boundary line; person walking away,"T-shirt design for VV-Styles featuring the exact quote: “Don't call it an attitude when it's a boundary.” Use a sassy visual tone and Boundaries theme. Visual elements: fence; locked gate; boundary line; person walking away. Make the quote the primary focal point, with strong readable typography, a clean print-friendly composition, high contrast, intentional spacing, and no unnecessary background clutter."
I know my worth—and I brought receipts.,Self-Esteem,Sassy,mirror; crown; radiant light; confident portrait,"T-shirt design for VV-Styles featuring the exact quote: “I know my worth—and I brought receipts.” Use a sassy visual tone and Self-Esteem theme. Visual elements: mirror; crown; radiant light; confident portrait. Make the quote the primary focal point, with strong readable typography, a clean print-friendly composition, high contrast, intentional spacing, and no unnecessary background clutter."
Protect your peace like you worked hard for it. Because you did.,Self-Care,Motivational,heart; flowers; water/wellness motifs; calm nature,"T-shirt design for VV-Styles featuring the exact quote: “Protect your peace like you worked hard for it. Because you did.” Use a motivational visual tone and Self-Care theme. Visual elements: heart; flowers; water/wellness motifs; calm nature. Make the quote the primary focal point, with strong readable typography, a clean print-friendly composition, high contrast, intentional spacing, and no unnecessary background clutter."
"Built from lessons, not bitterness.",Healing,Confident,heart; bandage; flowers; gentle sunrise,"T-shirt design for VV-Styles featuring the exact quote: “Built from lessons, not bitterness.” Use a confident visual tone and Healing theme. Visual elements: heart; bandage; flowers; gentle sunrise. Make the quote the primary focal point, with strong readable typography, a clean print-friendly composition, high contrast, intentional spacing, and no unnecessary background clutter."
,,,symbolic iconography tied directly to the quote,"T-shirt design for VV-Styles featuring the exact quote: “None” Use a bold visual tone and Other theme. Visual elements: symbolic iconography tied directly to the quote. Make the quote the primary focal point, with strong readable typography, a clean print-friendly composition, high contrast, intentional spacing, and no unnecessary background clutter."
NEW VV-STYLES IDEAS ADDED IN THIS REVISION,,,symbolic iconography tied directly to the quote,"T-shirt design for VV-Styles featuring the exact quote: “NEW VV-STYLES IDEAS ADDED IN THIS REVISION” Use a bold visual tone and Other theme. Visual elements: symbolic iconography tied directly to the quote. Make the quote the primary focal point, with strong readable typography, a clean print-friendly composition, high contrast, intentional spacing, and no unnecessary background clutter."