Art Style,Lettering Style,Background Density,Tone,Status,Priority,Review Flag,Category (proposed - your call),Collection
Editorial Scene,Bubble Caps,Open,Bold,Idea,High,Clear,Recovery,Recovery Culture
Zentangle Pattern,Brush Script,Medium,Sassy,Brief Ready,Medium,Copy Review,Healing,Healing Out Loud
Botanical Editorial Illustration,Block Outline,Dense,Confident,Prompt Ready,Low,Brand / Legal Review,Self-Worth,Boundaries Series
Geometric Abstract,Serif Editorial,,Supportive,Generated,,Sensitive Content Review,Boundaries,Confidence Series
Bold Minimal,Hand-Marker,,Motivational,Revision Needed,,Concept Review,Truth & Accountability,Survivor Series
Vintage Badge,Mixed Caps + Script,,Confrontational,Approved,,,Motivation,Legacy & Awareness
Streetwear Graffiti,Sans Display,,Empowering,Mockup Ready,,,DV & Survivorship,Sass & Survival
Retro Groovy,Stencil,,Humorous,Launched,,,Humor / Sass,
Tattoo Linework,Soft hand-drawn,,Reflective,Archived,,,Family & Faith,
Retro Comic,Bold Geometric Sans,,Informative,,,,,
Editorial Typographic,Modern typography,,Honest,,,,,
Celestial,Sophisticated editorial,,Proud,,,,,
Emotional Illustrative,High-Constrast Serif + Small Sans,,Direct,,,,,
Urban graffiti,Bold Sans,,Firm,,,,,
Feminine,Bold Sans + Script accent,,Affirming,,,,,
Soft Botanical Line Art,Bold Sans + Italic accent,,,,,,,
Collegiate / Varsity Emblem,Bold Sans + Technical accent,,,,,,,
Retro Diner / Comic,Serif Display + Script,,,,,,,
Modern Transit Poster,Hand-Marker Script,,,,,,,
Luxury Editorial Typography,Retro Display,,,,,,,
Minimal Symbolic,Soft hand-drawn serif + playful label-maker acents,,,,,,,
Architectural / Blueprint Editorial,Bubble Caps + handwritten script accent,,,,,,,
Vintage Poster,Big Top Display + playful condensed sans,,,,,,,
Split-Scene Editorial Illustration,Distressed Block Caps + Handwritten Strikeout,,,,,,,
Art Deco Editorial,Elegant Serif Display + Geometric Sans,,,,,,,
